rank,rank_raw,waku,horse_no,horse_name,horse_id,affiliation,sex_age,weight_carried,jockey,trainer,body_weight,body_weight_diff,time,margin,last3f,popularity,win_odds,race_id
1.0,1,8,10,ラヴィエベル,30012405507,船橋,牝3,53.0,☆所　蛍,齊藤敏,383.0,3.0,1:18.9,,40.5,7.0,29.0,20260703-19-01
2.0,2,7,7,トゥンカロン,30024401607,船橋,牝3,54.0,木間龍,林正人,480.0,8.0,1:19.5,3,41.3,9.0,103.7,20260703-19-01
3.0,3,6,6,ヤギリパール,30034401407,船橋,牝3,54.0,小杉亮,張田京,445.0,1.0,1:19.5,ハナ,40.7,2.0,5.1,20260703-19-01
4.0,4,8,9,デービスアルバレス,30066407707,船橋,牝3,54.0,西村栄,石井勝,494.0,-16.0,1:19.8,1.1/2,41.8,1.0,1.5,20260703-19-01
5.0,5,2,2,エスケイドラゴン,30042401207,船橋,セン3,56.0,山中悠,林正人,445.0,8.0,1:19.8,ハナ,41.2,3.0,5.3,20260703-19-01
6.0,6,1,1,フロムイエスタディ,40091406807,船橋,牡3,56.0,町田直,佐々功,486.0,-3.0,1:20.1,1.1/2,41.7,8.0,81.9,20260703-19-01
7.0,7,4,4,ブライティアメール,30062403307,船橋,牝3,54.0,岡村健,山田信,427.0,1.0,1:20.3,1,41.7,4.0,17.3,20260703-19-01
8.0,8,7,8,ビシバシ,30062408007,船橋,牡3,56.0,仲野光,阿井正,493.0,-4.0,1:21.0,3,43.1,5.0,20.5,20260703-19-01
9.0,9,5,5,アークローズ,30032403307,船橋,牝3,54.0,笠野雄,山中尊,432.0,-10.0,1:21.1,1/2,42.1,10.0,320.4,20260703-19-01
10.0,10,3,3,ユウユウスター,30013409907,船橋,牡3,56.0,野畑凌,渋谷博,433.0,1.0,1:21.2,1/2,42.2,6.0,21.6,20260703-19-01
1.0,1,1,1,レジェンドマスター,30053408407,船橋,牡3,57.0,本田重,渡邊貴,515.0,10.0,1:38.5,,38.9,1.0,2.0,20260703-19-02
2.0,2,2,2,マサノカトレア,30047407807,船橋,牝3,54.0,岡村健,齊藤敏,450.0,3.0,1:38.7,1,39.3,4.0,8.9,20260703-19-02
3.0,3,3,3,グリオット,30092403407,船橋,牝3,55.0,御神訓,川島一,462.0,-5.0,1:38.7,クビ,39.7,2.0,2.1,20260703-19-02
4.0,4,5,5,キャッスルプライド,30064401607,船橋,牡3,56.0,仲野光,長谷剛,487.0,-2.0,1:38.8,クビ,40.8,5.0,39.0,20260703-19-02
5.0,5,4,4,ゴールドステージ,30097409707,船橋,牡3,56.0,野畑凌,玉井等,481.0,2.0,1:41.7,大差,42.5,3.0,6.7,20260703-19-02
1.0,1,2,2,セレノフィル,30045401617,船橋,牝2,54.0,本田重,佐藤太,446.0,,1:03.6,,40.0,2.0,3.9,20260703-19-03
2.0,2,4,4,フェズミント,30045401217,船橋,牡2,54.0,岡村健,山本学,461.0,,1:05.0,7,40.6,3.0,10.6,20260703-19-03
3.0,3,3,3,スティールビート,30063408917,船橋,牡2,54.0,山口達,張田京,450.0,,1:05.0,アタマ,41.4,1.0,1.2,20260703-19-03
4.0,4,1,1,フユナナベース,30084409917,船橋,牝2,54.0,笠野雄,岩崎真,451.0,,1:05.1,クビ,39.1,5.0,37.0,20260703-19-03
5.0,5,5,5,キャッスルジェイド,30016407417,船橋,牡2,54.0,小杉亮,渋谷博,443.0,,1:05.4,1.1/2,39.4,4.0,13.5,20260703-19-03
1.0,1,6,6,プレミアムチーム,30007400217,船橋,牡2,54.0,本橋孝,森泰斗,475.0,,1:40.5,,42.4,1.0,1.6,20260703-19-04
2.0,2,5,5,ピースクラフト,30082405917,船橋,牡2,54.0,小杉亮,渡邊貴,467.0,,1:42.9,大差,44.6,5.0,36.9,20260703-19-04
3.0,3,3,3,マンデラエフェクト,30005407617,船橋,牡2,54.0,本田重,米谷康,475.0,,1:44.2,6,45.7,3.0,4.1,20260703-19-04
4.0,4,4,4,ランナーズハイ,30054404517,船橋,牡2,54.0,野畑凌,稲益貴,488.0,,1:45.1,4,46.8,2.0,3.0,20260703-19-04
5.0,5,2,2,ハルカノハル,30075407617,船橋,牝2,54.0,篠谷葵,石崎駿,465.0,,1:46.6,7,47.7,4.0,17.2,20260703-19-04
,除外,1,1,エーオープリンス,30015408817,船橋,牡2,54.0,笠野雄,佐藤太,467.0,,,,,,,20260703-19-04
1.0,1,8,9,オルキデアロッサ,30009409207,船橋,牝3,54.0,篠谷葵,山田信,451.0,14.0,1:18.1,,40.3,1.0,1.1,20260703-19-05
2.0,2,6,6,ナックナック,30086409007,船橋,牝3,54.0,木間龍,矢野義,395.0,-10.0,1:18.5,2,40.7,6.0,28.1,20260703-19-05
3.0,3,4,4,ゴッドブラウン,30056402407,船橋,牝3,54.0,本田重,川島一,424.0,-5.0,1:19.2,3,41.2,2.0,6.2,20260703-19-05
4.0,4,8,8,エムワンワークス,30095408907,船橋,牡3,56.0,山口達,林正人,439.0,8.0,1:19.3,クビ,40.5,5.0,26.1,20260703-19-05
5.0,5,5,5,アンジェロピッコロ,30084407807,船橋,牝3,54.0,藤原幹,渡邊貴,428.0,2.0,1:19.3,クビ,41.7,8.0,119.3,20260703-19-05
6.0,6,2,2,ウォニョン,30023403407,船橋,牝3,51.0,▲菅原吏,石井勝,431.0,3.0,1:19.5,1,42.0,3.0,15.3,20260703-19-05
7.0,7,1,1,インキュナブラ,30055409307,船橋,牝3,51.0,▲山本大,佐藤太,389.0,7.0,1:19.6,クビ,42.1,4.0,17.8,20260703-19-05
8.0,8,7,7,カミイダイヤモンド,30045406707,船橋,牡3,55.0,☆所　蛍,田中力,475.0,-6.0,1:20.2,3,40.6,9.0,187.3,20260703-19-05
9.0,9,3,3,フォロミーアロング,30002406207,船橋,牡3,56.0,野畑凌,齊藤敏,426.0,0.0,1:20.4,1,41.6,7.0,41.1,20260703-19-05
1.0,1,7,9,クリスプオブウォー,30056407076,船橋,牡6,56.0,山中悠,佐々清,510.0,-1.0,1:17.9,,40.1,1.0,2.3,20260703-19-06
2.0,2,2,2,フルーツパフェ,30052406666,船橋,牝7,54.0,岡村健,齊藤敏,480.0,0.0,1:18.0,3/4,39.0,3.0,5.4,20260703-19-06
3.0,3,7,8,ミュージシエンヌ,30063404996,船橋,牝4,54.0,澤田龍,新井清,495.0,3.0,1:18.4,2,40.4,4.0,7.8,20260703-19-06
4.0,4,4,4,トクシーカグヤヒメ,30023400676,船橋,牝6,54.0,本田重,新井清,484.0,-3.0,1:18.9,2.1/2,40.5,2.0,4.3,20260703-19-06
5.0,5,6,6,セイダンシング,30094403966,船橋,牡7,57.0,仲野光,玉井昇,474.0,2.0,1:19.0,3/4,39.6,6.0,8.8,20260703-19-06
6.0,6,6,7,タケデンプリンセス,30003404086,船橋,牝5,54.0,野澤憲,佐々清,486.0,11.0,1:19.4,2,39.9,9.0,119.1,20260703-19-06
7.0,7,8,11,シャイニングアース,40080400886,船橋,牡5,56.0,庄司大,森　始,467.0,6.0,1:19.4,ハナ,40.8,5.0,8.5,20260703-19-06
8.0,8,8,10,ニシノエルサ,30075405856,船橋,牝8,54.0,西村栄,渋谷博,462.0,-1.0,1:19.7,1.1/2,39.8,10.0,185.7,20260703-19-06
9.0,9,1,1,スイートウィル,30052407786,浦和,牝5,54.0,室陽一,川島豊,435.0,-5.0,1:20.0,1.1/2,42.4,8.0,101.2,20260703-19-06
10.0,10,3,3,トーアローダンテ,30087402796,浦和,牝4,52.0,◇中島良,川島豊,464.0,-4.0,1:21.1,5,42.9,7.0,42.1,20260703-19-06
11.0,11,5,5,キーチパーヘチュア,30016407296,船橋,牡4,56.0,山口達,玉井勝,416.0,12.0,1:21.1,アタマ,41.9,11.0,193.7,20260703-19-06
1.0,1,7,7,キャンディブーケ,30005407896,船橋,牝4,54.0,山口達,玉井昇,446.0,3.0,1:02.3,,38.4,2.0,3.7,20260703-19-07
2.0,2,6,6,トーケンマンボ,30075405166,船橋,牝7,54.0,藤原幹,山本学,502.0,7.0,1:02.5,1,37.4,5.0,20.5,20260703-19-07
3.0,3,4,4,クラレーヴ,30073405196,船橋,牝4,54.0,木間龍,矢野義,468.0,-14.0,1:02.5,アタマ,38.8,3.0,7.2,20260703-19-07
4.0,4,5,5,チンプンカンプン,30048400396,船橋,牡4,53.0,▲山本大,伊藤滋,468.0,-1.0,1:03.5,5,38.4,7.0,75.1,20260703-19-07
5.0,5,2,2,リンガスロシェ,30076405286,船橋,牡5,56.0,笠野雄,稲益貴,521.0,6.0,1:03.5,クビ,39.0,1.0,1.4,20260703-19-07
6.0,6,3,3,ラブシックボッサ,40060406966,船橋,牡7,56.0,仲野光,伊藤滋,459.0,3.0,1:03.6,1/2,38.2,6.0,51.5,20260703-19-07
7.0,7,1,1,ヒョイザブロー,30019402196,船橋,セン4,56.0,濱田達,伊藤滋,475.0,2.0,1:03.7,クビ,38.5,4.0,12.0,20260703-19-07
1.0,1,2,2,スカーレットクロス,30078402196,船橋,牝4,54.0,仲野光,渡邊貴,460.0,10.0,1:42.3,,39.0,1.0,1.4,20260703-19-08
2.0,2,1,1,スマイルナゴミ,30089408296,船橋,牝4,51.0,▲菅原吏,凾館一,460.0,0.0,1:43.4,5,39.0,5.0,65.7,20260703-19-08
3.0,3,3,3,ターミネーター,30006402396,船橋,牡4,56.0,實川純,佐々功,470.0,-1.0,1:43.5,クビ,40.1,2.0,2.5,20260703-19-08
4.0,4,5,5,フェアリオンアイス,30095405896,船橋,牝4,54.0,木間龍,伊藤滋,429.0,-15.0,1:43.5,クビ,39.9,4.0,16.0,20260703-19-08
5.0,5,4,4,ビジューメファ,30008408486,船橋,牝5,54.0,藤原幹,山本学,422.0,-8.0,1:43.6,クビ,39.8,3.0,8.7,20260703-19-08
1.0,1,5,5,サトノオリエンタル,30026406596,船橋,牝4,54.0,本田重,石崎駿,453.0,-2.0,1:16.7,,38.4,1.0,1.0,20260703-19-09
2.0,2,8,9,マジカルレインボー,30069405196,船橋,牝4,51.0,▲山本大,阿井正,497.0,-1.0,1:17.0,1.1/2,38.3,2.0,12.3,20260703-19-09
3.0,3,8,8,ウインコンパス,30004401896,船橋,牡4,56.0,山中悠,坂本昇,474.0,-1.0,1:17.8,4,39.3,8.0,132.0,20260703-19-09
4.0,4,4,4,アンサーパスト,30062400986,船橋,セン5,56.0,木間龍,伊藤滋,452.0,-4.0,1:18.0,1,39.9,3.0,19.6,20260703-19-09
5.0,5,1,1,レイワエポック,40041407996,船橋,牝4,54.0,仲野光,阿井正,430.0,0.0,1:18.4,2,38.9,5.0,22.7,20260703-19-09
6.0,6,2,2,アルセリア,30032408776,船橋,牝6,54.0,篠谷葵,林正人,447.0,3.0,1:18.5,クビ,40.0,6.0,22.9,20260703-19-09
7.0,7,3,3,マリノテレージア,30073403196,船橋,牝4,54.0,本橋孝,石井勝,456.0,-9.0,1:18.6,1/2,40.7,4.0,21.7,20260703-19-09
8.0,8,6,6,ソウ,30093408186,船橋,牡5,56.0,實川純,佐々功,479.0,-5.0,1:20.0,7,41.1,7.0,95.6,20260703-19-09
9.0,9,7,7,ラヴォタ,30088401886,船橋,牡5,56.0,西村栄,阿井正,482.0,-1.0,1:20.9,4,42.0,9.0,253.6,20260703-19-09
1.0,1,7,9,ケイズブラン,30073407996,船橋,牝4,54.0,篠谷葵,山田信,477.0,1.0,1:15.3,,38.8,5.0,6.0,20260703-19-10
2.0,2,2,2,ゴールデンスイープ,30036407986,船橋,牝5,54.0,澤田龍,山下之,463.0,4.0,1:15.5,3/4,37.8,2.0,4.4,20260703-19-10
3.0,3,5,5,モイラ,30075405186,船橋,牝5,54.0,山中悠,佐藤太,495.0,1.0,1:15.6,1/2,39.5,1.0,4.4,20260703-19-10
4.0,4,6,7,ビットコイン,30016406976,船橋,牡6,56.0,本田重,岩崎真,485.0,6.0,1:16.2,3,39.9,7.0,13.6,20260703-19-10
5.0,5,7,8,レイデルマール,30013409656,船橋,セン8,56.0,山口達,玉井昇,492.0,-5.0,1:16.3,クビ,38.6,6.0,12.1,20260703-19-10
6.0,6,8,11,ビスマルク,30032403186,船橋,牡5,56.0,野畑凌,伊藤滋,510.0,-3.0,1:16.3,クビ,39.4,9.0,26.1,20260703-19-10
7.0,7,8,10,ヤギリドリーム,30095409596,船橋,牡4,56.0,本橋孝,張田京,452.0,-7.0,1:16.7,2,39.8,4.0,5.6,20260703-19-10
8.0,8,4,4,マナフラッシュ,30087401976,船橋,牡6,56.0,岡村健,齊藤敏,471.0,-7.0,1:16.8,クビ,40.7,3.0,5.0,20260703-19-10
9.0,9,1,1,ブレッザドリーム,30003408296,船橋,牡4,56.0,町田直,田中力,436.0,-16.0,1:17.2,2,40.5,8.0,21.9,20260703-19-10
10.0,10,6,6,エメラルアポロン,30085407466,船橋,牡7,56.0,西村栄,石井勝,502.0,-2.0,1:19.6,大差,42.5,11.0,189.3,20260703-19-10
11.0,11,3,3,サポーズドトゥキル,30075401286,船橋,牝5,54.0,笠野雄,米谷康,520.0,4.0,1:20.9,6,44.2,10.0,87.9,20260703-19-10
1.0,1,8,12,クリスタルケイブ,30074407296,船橋,牡4,56.0,本田重,佐藤太,470.0,4.0,1:45.0,,39.3,1.0,2.1,20260703-19-11
2.0,2,5,7,プレヴナンス,30024406286,船橋,牝5,51.0,▲山本大,米谷康,416.0,-5.0,1:45.1,3/4,39.6,10.0,53.5,20260703-19-11
3.0,3,7,11,マシュー,30016403686,浦和,牡5,56.0,見越彬,小久智,487.0,0.0,1:45.2,1/2,40.2,8.0,34.3,20260703-19-11
4.0,4,1,1,プレストエマ,30026408296,船橋,牝4,54.0,山中悠,佐々清,515.0,3.0,1:45.6,2,40.4,9.0,37.3,20260703-19-11
5.0,5,3,3,キングオブカズ,30012402956,船橋,牡8,56.0,小杉亮,矢内博,470.0,-3.0,1:45.7,1/2,39.5,11.0,69.9,20260703-19-11
6.0,6,8,13,ペプチドモガミ,30043405196,船橋,セン4,56.0,本橋孝,石井勝,478.0,3.0,1:46.0,1.1/2,40.1,5.0,22.0,20260703-19-11
7.0,7,6,9,アラモ,30098403307,船橋,牡3,54.0,御神訓,石崎駿,502.0,-4.0,1:46.0,クビ,40.8,3.0,4.2,20260703-19-11
8.0,8,6,8,スノーライトニング,30007403786,船橋,牡5,56.0,仲野光,凾館一,474.0,-3.0,1:46.8,4,40.0,4.0,14.3,20260703-19-11
9.0,9,4,5,ガーベランクイーン,30075401976,船橋,牝6,54.0,藤原幹,長谷剛,483.0,-11.0,1:47.3,2.1/2,41.4,12.0,72.0,20260703-19-11
10.0,10,7,10,アヴェッリーノ,30025402676,船橋,牡6,56.0,木間龍,齊藤敏,498.0,4.0,1:47.3,アタマ,42.4,7.0,32.8,20260703-19-11
11.0,11,4,4,アナザーメイト,30053404096,船橋,牝4,53.0,☆所　蛍,山田信,461.0,9.0,1:47.3,アタマ,41.2,13.0,233.1,20260703-19-11
12.0,12,5,6,ジュンハーベスト,30097400796,船橋,牡4,56.0,川島正,張田京,544.0,11.0,1:47.8,2.1/2,42.5,2.0,3.8,20260703-19-11
13.0,13,2,2,サンマルーン,30053403676,船橋,牡6,56.0,笠野雄,岩崎真,470.0,-3.0,1:48.1,1.1/2,42.0,6.0,24.9,20260703-19-11
1.0,1,2,2,ショーケン,30075402876,船橋,セン6,57.0,笠野雄,米谷康,502.0,0.0,2:30.5,,39.2,1.0,1.7,20260703-19-12
2.0,2,7,8,クラムスコイ,30009409307,船橋,牡3,53.0,本橋孝,米谷康,446.0,0.0,2:31.4,4,39.5,3.0,8.5,20260703-19-12
3.0,3,3,3,カーニバルマーチ,30017408166,船橋,セン7,57.0,野畑凌,佐藤太,586.0,4.0,2:31.4,アタマ,39.3,4.0,9.1,20260703-19-12
4.0,4,5,5,フィフティズ,30077401186,船橋,牡5,57.0,川島正,稲益貴,529.0,7.0,2:31.4,アタマ,39.7,2.0,4.2,20260703-19-12
5.0,5,8,11,プリンスオーソ,30096402076,船橋,牡6,55.0,臼井健,凾館一,463.0,2.0,2:31.5,3/4,38.8,5.0,10.6,20260703-19-12
6.0,6,8,10,ビービーシャーンス,30056405776,船橋,牡6,52.0,▲菅原吏,玉井昇,483.0,6.0,2:32.5,5,40.4,8.0,50.7,20260703-19-12
7.0,7,6,6,ナリノヴァニーユ,30034401676,船橋,牡6,52.0,▲山本大,林　幻,495.0,5.0,2:32.6,1/2,40.1,9.0,122.0,20260703-19-12
8.0,8,1,1,ベルガラス,30038407186,船橋,牡5,57.0,岡村健,齊藤敏,491.0,6.0,2:33.1,2.1/2,40.4,7.0,31.4,20260703-19-12
9.0,9,4,4,マリアッチ,30065405556,船橋,牡8,55.0,野澤憲,佐々清,510.0,2.0,2:33.3,1,41.2,11.0,358.1,20260703-19-12
10.0,10,6,7,マイキーマジック,30006404676,船橋,牡6,55.0,古岡勇,矢内博,500.0,-3.0,2:33.3,ハナ,41.0,6.0,16.3,20260703-19-12
11.0,11,7,9,キャリアリズム,40091407956,船橋,セン8,57.0,柿本量,矢野義,476.0,12.0,2:36.4,大差,42.5,10.0,252.3,20260703-19-12
1.0,1,6,8,オールスターズ,30072404556,大井,牡8,56.0,安藤洋,藤田輝,479.0,4.0,1:43.2,,39.1,1.0,1.9,20260703-20-01
2.0,2,2,2,キバルスター,30062405866,大井,牡7,56.0,藤田凌,阪本一,487.0,5.0,1:43.6,2,39.3,4.0,9.2,20260703-20-01
3.0,3,5,5,ラブリーヨシノ,30034400376,大井,牡6,56.0,菅原涼,荒井朋,448.0,-2.0,1:44.5,4,40.4,2.0,3.3,20260703-20-01
4.0,4,6,7,イケノギャルチャン,30073409166,大井,牝7,54.0,石川駿,岡野尚,508.0,3.0,1:44.6,クビ,40.5,3.0,9.1,20260703-20-01
5.0,5,7,9,リュウグウノユメ,30045408596,大井,牝4,51.0,▲西優哉,橋本馬,443.0,3.0,1:44.8,1.1/4,40.7,8.0,27.6,20260703-20-01
6.0,6,7,10,ガニュメデスレイ,30028404546,大井,牡9,56.0,中村尚,渡邉和,431.0,-1.0,1:44.9,1/2,40.3,9.0,88.6,20260703-20-01
7.0,7,1,1,ノンストップガール,30057407376,大井,牝6,54.0,和田譲,渡邉和,502.0,-2.0,1:45.1,1,40.0,7.0,21.5,20260703-20-01
8.0,8,8,12,フローラルロマンス,40000406966,大井,牝7,53.0,☆中山遥,田中人,464.0,8.0,1:45.2,1/2,41.1,6.0,18.1,20260703-20-01
9.0,9,4,4,レイヴンマスター,30025409596,大井,牡4,56.0,千田洋,赤嶺亮,481.0,-1.0,1:45.3,クビ,40.9,10.0,93.0,20260703-20-01
10.0,10,3,3,ミチノシチリア,30075402356,大井,牡8,56.0,達城龍,嶋田幸,491.0,3.0,1:45.6,1.1/2,41.2,5.0,14.7,20260703-20-01
11.0,11,8,11,アイズアフロディテ,30024405096,大井,牝4,51.0,▲杉山海,渡部則,508.0,1.0,1:45.6,アタマ,40.9,11.0,111.7,20260703-20-01
,除外,5,6,ジャックオダモ,40011409996,大井,牡4,56.0,西啓太,坂井英,545.0,,,,,,,20260703-20-01
1.0,1,8,13,ザゴート,30003409176,大井,牝6,51.0,▲杉山海,荒井朋,453.0,-3.0,1:14.5,,37.7,6.0,13.9,20260703-20-02
2.0,2,7,11,ショウサンレックス,30003405976,大井,牡6,56.0,藤田凌,立花伸,452.0,-3.0,1:14.6,3/4,37.7,4.0,8.1,20260703-20-02
3.0,3,7,12,ニチリン,30058404776,大井,牝6,54.0,矢野貴,栗田裕,502.0,-12.0,1:14.6,クビ,37.7,1.0,2.4,20260703-20-02
4.0,4,3,4,インヘリタンスエス,30032406986,大井,牡5,56.0,菅原涼,堀千亜,501.0,-1.0,1:14.7,クビ,37.9,8.0,20.4,20260703-20-02
5.0,5,6,9,コトブキエース,30015402976,大井,牡6,53.0,▲西優哉,渡部則,470.0,-3.0,1:15.0,1.3/4,37.8,2.0,4.1,20260703-20-02
6.0,6,2,2,ロクスマリアンヌ,30018409866,大井,牝7,54.0,西啓太,橋本馬,455.0,0.0,1:15.0,アタマ,38.6,3.0,7.8,20260703-20-02
7.0,7,4,5,ヨシノルビー,30026400396,大井,牝4,54.0,和田譲,市村誠,415.0,-3.0,1:15.3,1.1/2,37.4,7.0,19.5,20260703-20-02
8.0,8,5,7,コーントップス,30077402086,大井,牝5,54.0,千田洋,松浦裕,428.0,0.0,1:15.4,1/2,37.6,12.0,159.6,20260703-20-02
9.0,9,5,8,ソニックサンライズ,30063405296,大井,牝4,54.0,中村尚,渡邉和,426.0,2.0,1:15.5,クビ,38.1,13.0,200.0,20260703-20-02
10.0,10,1,1,ミンナノブンモ,40050408966,大井,セン7,56.0,達城龍,久保隆,478.0,-3.0,1:15.5,アタマ,38.4,10.0,60.3,20260703-20-02
11.0,11,3,3,マハーギータ,30073405596,大井,牝4,54.0,東原悠,佐々忠,437.0,-1.0,1:15.5,アタマ,38.0,14.0,285.3,20260703-20-02
12.0,12,8,14,ヴァレンシアスノー,30002402676,大井,牝6,54.0,石川駿,吉井竜,453.0,6.0,1:15.6,1/2,39.0,5.0,11.3,20260703-20-02
13.0,13,6,10,ファインスカート,30093402086,大井,牝5,54.0,藤本現,久保隆,465.0,3.0,1:16.1,2.1/2,38.7,11.0,137.4,20260703-20-02
14.0,14,4,6,ジョリーハーモニー,30053400976,大井,牝6,54.0,吉井章,的場直,509.0,-8.0,1:16.6,2.1/2,38.8,9.0,21.6,20260703-20-02
1.0,1,7,9,ノットボーダー,30065409307,大井,牡3,57.0,笹川翼,荒山勝,470.0,-2.0,1:41.2,,39.1,1.0,1.8,20260703-20-03
2.0,2,2,2,タイセツレーヴ,30005408707,大井,牡3,56.0,西啓太,真島大,525.0,9.0,1:41.2,クビ,38.6,2.0,3.2,20260703-20-03
3.0,3,5,6,オモイデノアトサキ,30022407207,大井,牡3,56.0,藤田凌,福田真,508.0,-1.0,1:41.8,3,39.3,6.0,20.7,20260703-20-03
4.0,4,1,1,キャリアラダー,30063403107,大井,牡3,53.0,▲西優哉,澤佳宏,446.0,3.0,1:43.0,6,39.5,8.0,109.9,20260703-20-03
5.0,5,7,10,フジパールマン,30098409307,大井,牡3,53.0,▲杉山海,岡野尚,452.0,5.0,1:43.0,ハナ,39.0,11.0,168.9,20260703-20-03
6.0,6,8,11,ロンギングスター,30013406607,大井,牡3,56.0,達城龍,的場直,529.0,-1.0,1:43.0,ハナ,41.0,5.0,18.4,20260703-20-03
7.0,7,6,7,ラストラブラブ,30093407007,大井,牝3,54.0,吉井章,荒井朋,477.0,1.0,1:43.0,アタマ,41.0,10.0,134.2,20260703-20-03
8.0,8,5,5,エイトザット,30092401307,大井,牡3,56.0,安藤洋,荒山勝,523.0,6.0,1:43.5,2.1/2,41.0,3.0,6.7,20260703-20-03
9.0,9,3,3,ボビー,30006408507,大井,牡3,56.0,藤本現,栗田裕,522.0,2.0,1:44.0,2.1/2,41.0,9.0,113.0,20260703-20-03
10.0,10,4,4,ルビーディーゼル,30012405607,大井,牡3,56.0,高橋昭,立花伸,515.0,2.0,1:44.2,3/4,40.5,7.0,26.4,20260703-20-03
11.0,11,6,8,ボンヴィアッジョ,30005409007,大井,牝3,54.0,矢野貴,阪本一,501.0,7.0,1:44.3,1/2,41.8,4.0,13.0,20260703-20-03
12.0,12,8,12,スクラッチクラッチ,30013401407,大井,牝3,51.0,▲高橋優,佐野謙,471.0,1.0,1:44.5,3/4,41.4,12.0,313.6,20260703-20-03
1.0,1,4,4,シャンスラード,30001405907,大井,牡3,56.0,西啓太,坂井英,480.0,-8.0,1:27.3,,37.2,1.0,1.8,20260703-20-04
2.0,2,8,8,ヘイアンティアー,30018400507,大井,牝3,54.0,高橋昭,立花伸,460.0,2.0,1:27.9,3,37.5,7.0,52.1,20260703-20-04
3.0,3,6,6,バルトロ,30037405307,大井,セン3,56.0,新原周,福永敏,469.0,-1.0,1:28.1,1,38.0,5.0,26.4,20260703-20-04
4.0,4,8,9,トレガットストーン,30047408007,大井,牡3,56.0,藤本現,高橋清,498.0,-6.0,1:28.3,1.1/4,38.0,3.0,7.1,20260703-20-04
5.0,5,7,7,ピルゴスアイトス,30042409107,大井,牡3,53.0,▲杉山海,井上弘,474.0,1.0,1:28.6,1.1/2,37.5,8.0,72.4,20260703-20-04
6.0,6,5,5,ムサシタルマエ,30037409907,大井,牡3,57.0,達城龍,栗田泰,462.0,-1.0,1:29.2,3,38.6,2.0,2.7,20260703-20-04
7.0,7,1,1,ティーエンティー,30043402007,大井,牡3,56.0,鷹見陸,的場直,512.0,12.0,1:29.6,2,39.2,4.0,8.5,20260703-20-04
8.0,8,3,3,ツカイノトリ,30016402707,大井,牝3,54.0,吉井章,阪本一,458.0,-3.0,1:30.2,3,39.5,6.0,48.4,20260703-20-04
,取消,2,2,スリーバンカーズ,30088407007,大井,牡3,56.0,菅原涼,荒井朋,,,,,,,,20260703-20-04
1.0,1,5,5,オレユウタヤン,30001400907,大井,牡3,57.0,藤本現,蛯名雄,473.0,3.0,1:13.3,,37.6,1.0,1.3,20260703-20-05
2.0,2,7,9,ジーティーグラン,30018402207,大井,牡3,56.0,藤田凌,高野毅,450.0,-4.0,1:14.1,4,37.6,4.0,10.8,20260703-20-05
3.0,3,8,11,ジューンアカデミー,30078405507,大井,牝3,54.0,安藤洋,鈴木啓,414.0,-1.0,1:14.3,1,38.0,6.0,23.2,20260703-20-05
4.0,4,2,2,オテモヤン,40070409907,大井,牝3,54.0,笹川翼,福田真,489.0,-1.0,1:14.4,クビ,38.8,2.0,7.6,20260703-20-05
5.0,5,6,7,オレンジマン,30024406707,大井,牡3,55.0,☆中山遥,佐野謙,515.0,2.0,1:14.5,1/2,38.0,5.0,11.1,20260703-20-05
6.0,6,6,6,シンプウエース,30004402907,大井,牡3,56.0,菅原涼,荒井朋,429.0,-1.0,1:14.8,1.1/2,38.5,10.0,111.3,20260703-20-05
7.0,7,8,10,ナポレオンバディ,30083406807,大井,牡3,56.0,櫻井光,中道啓,505.0,3.0,1:14.8,クビ,38.3,8.0,61.4,20260703-20-05
8.0,8,4,4,アフロステラ,30034403107,大井,牝3,54.0,鷹見陸,的場直,470.0,10.0,1:15.2,2,39.5,3.0,10.5,20260703-20-05
9.0,9,1,1,サヴォア,30022403507,大井,牝3,51.0,▲杉山海,高岩孝,429.0,3.0,1:15.6,2,39.5,7.0,60.4,20260703-20-05
10.0,10,3,3,シーキングザバース,40060406907,大井,牝3,54.0,石川駿,堀千亜,458.0,1.0,1:15.9,1.3/4,39.4,11.0,203.7,20260703-20-05
11.0,11,7,8,アンパンタイム,30085407107,大井,牝3,54.0,高野誠,高橋清,460.0,26.0,1:16.3,2,40.2,9.0,94.5,20260703-20-05
1.0,1,8,9,ユウユウスターリー,30015402656,大井,牝8,54.0,安藤洋,月岡健,433.0,0.0,1:43.1,,39.7,1.0,3.1,20260703-20-06
2.0,2,7,7,シンアルマトゥラ,30002407276,大井,牡6,56.0,中村尚,井上弘,415.0,-3.0,1:43.5,2,40.2,3.0,5.0,20260703-20-06
3.0,3,3,3,シタベッド,30033404656,大井,牡8,56.0,高橋昭,立花伸,487.0,-15.0,1:43.8,1.1/2,40.5,2.0,3.6,20260703-20-06
4.0,4,5,5,テルケンレントラー,30062403796,大井,牡4,56.0,新原周,蛯名雄,512.0,-3.0,1:44.6,4,40.6,4.0,6.5,20260703-20-06
5.0,5,6,6,コーゲンマース,30028407676,大井,牡6,56.0,千田洋,井上弘,434.0,-2.0,1:45.1,2.1/2,41.2,5.0,10.4,20260703-20-06
6.0,6,8,8,オーヴァーザトップ,30009408086,大井,牡5,56.0,藤田凌,佐宗応,504.0,1.0,1:45.2,3/4,41.4,7.0,14.7,20260703-20-06
7.0,7,1,1,アウフヴィント,30027408296,大井,牝4,53.0,☆谷内貫,嶋田幸,531.0,-4.0,1:45.2,クビ,41.4,9.0,39.1,20260703-20-06
8.0,8,2,2,ユイノサンバンカン,30094404686,大井,牡5,56.0,東原悠,庄子昭,462.0,-9.0,1:45.7,2.1/2,41.7,6.0,12.9,20260703-20-06
9.0,9,4,4,ロイヤルカラット,30055403096,大井,牡4,56.0,達城龍,納谷和,528.0,2.0,1:46.4,3.1/2,42.6,8.0,23.6,20260703-20-06
1.0,1,4,4,カナホゲラ,30075403007,大井,牝3,54.0,和田譲,赤嶺亮,493.0,-2.0,1:26.8,,37.7,1.0,1.6,20260703-20-07
2.0,2,8,8,スタールビーピアス,30086405107,大井,牝3,54.0,矢野貴,月岡健,391.0,-3.0,1:27.5,3.1/2,38.1,3.0,8.4,20260703-20-07
3.0,3,2,2,ドレインザスワンプ,30075400807,大井,牝3,51.0,▲西優哉,村上頼,452.0,-4.0,1:27.5,アタマ,38.4,4.0,9.5,20260703-20-07
4.0,4,6,6,マジックエレガンス,30064406907,大井,牝3,54.0,笹川翼,福永敏,458.0,8.0,1:27.8,1.3/4,38.5,2.0,3.3,20260703-20-07
5.0,5,8,9,ディアモアー,30092406607,大井,牝3,54.0,達城龍,納谷和,440.0,5.0,1:28.9,5,39.2,6.0,30.0,20260703-20-07
6.0,6,7,7,キューティーハード,30046400307,大井,牝3,54.0,藤本現,阪本一,467.0,6.0,1:29.5,3,39.3,7.0,70.8,20260703-20-07
7.0,7,5,5,ハヤマデイズ,30058401507,大井,牝3,54.0,田中洸,穂刈隆,472.0,-3.0,1:29.7,1,39.9,9.0,267.4,20260703-20-07
8.0,8,3,3,エリザベートバディ,30064406007,大井,牝3,55.0,西啓太,中道啓,467.0,-14.0,1:29.7,アタマ,40.1,5.0,16.0,20260703-20-07
9.0,9,1,1,メガコウチャハイ,30013406307,大井,牝3,54.0,瀬川将,市村誠,426.0,5.0,1:31.3,8,41.5,8.0,198.3,20260703-20-07
1.0,1,5,7,スリーボビー,30015407686,大井,牡5,56.0,矢野貴,藤田輝,523.0,-3.0,1:28.5,,38.7,1.0,1.9,20260703-20-08
2.0,2,7,10,シカレ,30086403196,大井,牝4,51.0,▲杉山海,高岩孝,451.0,3.0,1:29.1,3,39.7,3.0,7.1,20260703-20-08
3.0,3,5,6,ヘビーキュー,30033401096,大井,牡4,56.0,和田譲,宗形竹,575.0,5.0,1:29.1,ハナ,39.9,7.0,17.5,20260703-20-08
4.0,4,6,8,リコーファルコン,30024400196,大井,牡4,56.0,藤本現,蛯名雄,505.0,3.0,1:29.5,2,40.1,8.0,26.1,20260703-20-08
5.0,5,4,4,マジックタイプ,30074409696,大井,牡4,56.0,達城龍,嶋田幸,466.0,-15.0,1:29.6,クビ,39.6,12.0,119.8,20260703-20-08
6.0,6,2,2,メープルピア,30032404896,大井,セン4,53.0,▲高橋優,渡邉和,461.0,10.0,1:29.6,クビ,39.8,4.0,11.2,20260703-20-08
7.0,7,3,3,ヤマノリッチ,30063408076,大井,牝6,53.0,☆谷内貫,佐々洋,505.0,3.0,1:29.7,クビ,39.0,5.0,13.9,20260703-20-08
8.0,8,8,12,ラッキーカムカム,30082407296,大井,牝4,54.0,吉井章,橋本馬,468.0,-7.0,1:30.4,3.1/2,41.5,11.0,93.3,20260703-20-08
9.0,9,8,13,アサネガミ,30008406096,大井,牝4,54.0,菅原涼,堀千亜,469.0,6.0,1:30.6,1,40.2,13.0,206.4,20260703-20-08
10.0,10,7,11,ジョーアラモード,30047404176,大井,牡6,56.0,鷹見陸,蛯名雄,474.0,-4.0,1:30.8,1,40.4,6.0,15.5,20260703-20-08
11.0,11,4,5,リコーモーラー,30097407096,大井,牝4,54.0,笹川翼,蛯名雄,522.0,15.0,1:30.8,クビ,41.7,2.0,4.8,20260703-20-08
12.0,12,6,9,アルデフォックス,40061406996,大井,セン4,53.0,▲木澤奨,村上頼,535.0,-3.0,1:31.0,1,41.7,9.0,44.8,20260703-20-08
13.0,13,1,1,マイフェアレディ,30078402296,大井,牝4,54.0,藤田凌,佐宗応,470.0,-6.0,1:32.0,5,41.7,10.0,51.5,20260703-20-08
1.0,1,8,11,グレーターホープ,30013403076,大井,牡6,56.0,吉井章,月岡健,434.0,-2.0,1:56.4,,37.7,1.0,1.7,20260703-20-09
2.0,2,3,3,ヤマニンエボルブ,30072400296,大井,牡4,56.0,笹川翼,真島大,458.0,-8.0,1:56.8,2,38.1,3.0,5.7,20260703-20-09
3.0,3,7,10,リバイブメイラード,30003404896,大井,セン4,53.0,▲西優哉,大宮和,446.0,-3.0,1:57.5,3.1/2,38.8,7.0,18.4,20260703-20-09
4.0,4,8,12,フェアクラウド,30075402386,大井,牡5,56.0,矢野貴,高橋清,478.0,-5.0,1:58.0,2.1/2,38.6,4.0,13.2,20260703-20-09
5.0,5,7,9,シャークウォーニン,30022404256,大井,牡8,56.0,和田譲,佐宗応,476.0,1.0,1:58.1,1/2,38.5,6.0,18.1,20260703-20-09
6.0,6,5,6,チマル,30054404796,大井,セン4,56.0,安藤洋,藤田輝,469.0,2.0,1:58.3,3/4,39.3,2.0,4.8,20260703-20-09
7.0,7,5,5,ビーンスモークモカ,30073403996,大井,牝4,54.0,達城龍,宗形竹,465.0,-4.0,1:58.5,1,39.4,5.0,14.2,20260703-20-09
8.0,8,4,4,ショーシャンク,30026402586,大井,セン5,53.0,▲木澤奨,吉井竜,470.0,0.0,1:59.2,3.1/2,40.1,8.0,25.3,20260703-20-09
9.0,9,6,8,コスモギンガ,30002402546,大井,牝9,54.0,田中洸,小野晋,482.0,0.0,1:59.9,3.1/2,40.0,9.0,159.2,20260703-20-09
10.0,10,6,7,フロウオブタイム,30088406796,大井,牝4,54.0,東原悠,佐々洋,479.0,-3.0,2:00.0,3/4,40.1,11.0,415.6,20260703-20-09
11.0,11,2,2,カルデア,30026404986,大井,牡5,56.0,千田洋,村上頼,468.0,5.0,2:00.3,1.1/2,40.7,10.0,162.3,20260703-20-09
12.0,12,1,1,ベアウェイトゥゴー,30059409086,大井,牝5,54.0,遠藤健,佐々忠,487.0,-3.0,2:01.2,4,40.5,12.0,568.9,20260703-20-09
1.0,1,6,10,インペリオ,30094400786,大井,牡5,56.0,安藤洋,小野晋,463.0,-7.0,1:14.1,,38.3,3.0,5.4,20260703-20-10
2.0,2,7,11,カッタラキマセン,30094407796,大井,牝4,54.0,笹川翼,福永敏,457.0,-1.0,1:14.2,3/4,38.8,4.0,7.2,20260703-20-10
3.0,3,3,4,クミンフレイバー,30019402186,大井,牝5,54.0,新原周,真島大,467.0,3.0,1:14.3,1/2,38.2,7.0,16.3,20260703-20-10
4.0,4,6,9,タガノサダフ,30009407096,大井,牡4,53.0,▲木澤奨,村上頼,462.0,-3.0,1:14.5,1.1/4,39.0,5.0,7.9,20260703-20-10
5.0,5,4,5,リコーヘンメリー,30044408276,大井,牡6,56.0,藤田凌,蛯名雄,473.0,-1.0,1:14.6,1/2,38.3,1.0,4.2,20260703-20-10
6.0,6,7,12,サブノモアナ,30046400296,大井,牝4,54.0,西啓太,堀千亜,507.0,2.0,1:15.0,2,38.9,6.0,8.7,20260703-20-10
7.0,7,4,6,サカベンクイーン,30062402466,大井,牝7,53.0,☆中山遥,赤嶺亮,475.0,-8.0,1:15.7,3.1/2,40.4,10.0,41.4,20260703-20-10
8.0,8,2,2,エレパイオ,30046400496,大井,牝4,54.0,和田譲,宗形竹,537.0,8.0,1:15.7,クビ,40.5,8.0,19.3,20260703-20-10
9.0,9,3,3,マスターキー,30063400976,大井,牡6,56.0,藤本現,鷹見浩,521.0,-6.0,1:15.8,クビ,40.4,2.0,4.4,20260703-20-10
10.0,10,5,7,デルタウェーブ,30026401096,大井,牝4,54.0,櫻井光,堀江仁,485.0,1.0,1:15.9,1/2,40.1,13.0,121.9,20260703-20-10
11.0,11,8,13,マヒロ,30002406896,大井,牝4,54.0,高野誠,高橋清,444.0,-6.0,1:15.9,アタマ,39.6,9.0,19.5,20260703-20-10
12.0,12,1,1,オオサキサンダー,30055402396,大井,牡4,56.0,江里裕,遠藤茂,419.0,1.0,1:16.0,クビ,38.5,12.0,109.0,20260703-20-10
13.0,13,8,14,シタパンツ,30075404196,大井,牡4,56.0,鷹見陸,立花伸,455.0,-2.0,1:16.1,1/2,39.6,11.0,41.9,20260703-20-10
14.0,14,5,8,シストロン,30097404196,大井,牝4,54.0,東原悠,澤佳宏,492.0,2.0,1:16.6,2.1/2,40.3,14.0,214.7,20260703-20-10
1.0,1,6,6,ペルセヴェランテ,30071404986,大井,牡5,57.0,笹川翼,荒山勝,504.0,0.0,1:41.1,,38.9,2.0,2.6,20260703-20-11
2.0,2,8,10,ミクニサンビーム,30004403296,大井,牡4,57.0,矢野貴,藤田輝,480.0,0.0,1:41.2,1/2,38.6,1.0,1.5,20260703-20-11
3.0,3,7,8,マイネルボンバー,30026408576,大井,牡6,57.0,吉井章,阪本一,485.0,-6.0,1:41.4,1.1/4,39.2,5.0,26.2,20260703-20-11
4.0,4,8,9,モズユウガ,30034404166,大井,牡7,55.0,石川駿,松浦裕,511.0,-6.0,1:42.2,4,39.2,3.0,21.3,20260703-20-11
5.0,5,2,2,ビシャモンテン,30043405256,大井,牡8,57.0,藤田凌,荒井朋,516.0,4.0,1:42.5,1.1/2,39.1,4.0,21.4,20260703-20-11
6.0,6,7,7,トーセンヴィオラ,30076400586,浦和,牡5,55.0,保園翔,小久智,510.0,1.0,1:42.6,3/4,40.4,9.0,78.4,20260703-20-11
7.0,7,5,5,メーサンデュラント,30088401976,大井,牡6,57.0,安藤洋,月岡健,472.0,6.0,1:42.9,1.1/2,39.9,8.0,47.4,20260703-20-11
8.0,8,4,4,エルツ,30097404776,大井,牡6,55.0,和田譲,月岡健,508.0,1.0,1:43.1,1,40.5,6.0,32.0,20260703-20-11
9.0,9,1,1,クラウンシューター,30005407266,大井,牡7,56.0,☆中山遥,栗田裕,498.0,1.0,1:43.1,ハナ,40.2,7.0,41.7,20260703-20-11
10.0,10,3,3,サブノハクタカ,30076406156,大井,牡8,57.0,新原周,鷹見浩,486.0,-3.0,1:43.6,2.1/2,39.9,10.0,126.7,20260703-20-11
1.0,1,3,3,ロッソナブア,30026403176,大井,牡6,56.0,鷹見陸,須田和,506.0,-1.0,1:27.2,,36.8,1.0,2.4,20260703-20-12
2.0,2,8,12,カセノタイガー,30093408396,大井,牡4,56.0,安藤洋,蛯名雄,470.0,0.0,1:27.4,1.1/4,36.7,9.0,57.5,20260703-20-12
3.0,3,4,5,キタノライジン,30036406486,大井,牡5,56.0,西啓太,福田真,510.0,-7.0,1:27.5,1/2,36.8,3.0,5.3,20260703-20-12
4.0,4,4,4,グラスグリード,30048403396,大井,牡4,56.0,笹川翼,上杉昌,484.0,11.0,1:28.3,4,37.4,2.0,4.2,20260703-20-12
5.0,5,6,9,ドゥーロアバンティ,30012406476,大井,牡6,56.0,藤本現,立花伸,497.0,-1.0,1:28.3,クビ,37.2,5.0,12.3,20260703-20-12
6.0,6,5,7,サトノエンパイア,30007403486,大井,牡5,56.0,和田譲,赤嶺亮,438.0,2.0,1:28.5,1,37.2,7.0,20.7,20260703-20-12
7.0,7,6,8,イタロ,30028400886,大井,牡5,56.0,石川駿,高橋清,494.0,7.0,1:28.7,3/4,38.2,6.0,15.2,20260703-20-12
8.0,8,7,10,ウインアイリーン,30092407066,大井,牝7,54.0,矢野貴,須田和,478.0,11.0,1:28.7,クビ,37.4,4.0,7.9,20260703-20-12
9.0,9,1,1,イチニチショチョウ,30074404786,大井,牡5,56.0,菅原涼,嶋田幸,498.0,4.0,1:28.7,クビ,38.0,12.0,141.8,20260703-20-12
10.0,10,7,11,ラペルシェール,30043409756,大井,牡8,55.0,☆谷内貫,佐野謙,475.0,-6.0,1:28.9,1,37.4,13.0,202.4,20260703-20-12
11.0,11,2,2,モントーク,30077408986,大井,牝5,53.0,☆中山遥,佐野謙,463.0,6.0,1:29.1,3/4,37.2,8.0,22.0,20260703-20-12
12.0,12,5,6,キャップ,30022401866,大井,セン7,56.0,櫻井光,穂刈隆,470.0,2.0,1:29.4,1.3/4,37.8,11.0,80.6,20260703-20-12
13.0,13,8,13,ユイノコミチ,30033404386,大井,牡5,56.0,東原悠,庄子昭,503.0,-14.0,1:30.2,4,39.2,10.0,76.1,20260703-20-12
1.0,1,3,3,ホウオウシーザー,30045405386,愛知,牡5,57.0,細川智,地辺幸,477.0,9.0,1:35.7,,39.6,6.0,11.8,20260703-24-01
2.0,2,8,12,テルケンユミカグラ,30028408796,愛知,牝4,55.0,塚本征,今津勝,484.0,10.0,1:36.7,5,40.9,2.0,3.8,20260703-24-01
3.0,3,6,8,リックトメンマ,30083405686,愛知,牝5,55.0,大原浩,櫻井今,482.0,3.0,1:36.8,1/2,40.0,5.0,11.2,20260703-24-01
4.0,4,8,11,シャイニーセーラー,30053405696,愛知,牝4,52.0,▲近藤颯,服部功,447.0,0.0,1:36.8,ハナ,39.7,10.0,117.8,20260703-24-01
5.0,5,7,10,キタノレーニア,30033403376,愛知,牝6,55.0,友森翔,宇都英,418.0,-1.0,1:36.8,クビ,39.9,9.0,99.6,20260703-24-01
6.0,6,1,1,キタノショウリュウ,30013407996,愛知,牡4,54.0,▲小笠羚,沖田明,507.0,8.0,1:37.1,1.1/2,41.3,3.0,4.5,20260703-24-01
7.0,7,6,7,ラミントン,30027405096,愛知,牝4,55.0,加藤聡,宇都英,510.0,8.0,1:37.5,2,41.9,1.0,2.5,20260703-24-01
8.0,8,5,5,ラブミーエール,30063404786,愛知,牝5,55.0,今井貴,沖田明,489.0,-8.0,1:37.9,2,41.0,11.0,133.3,20260703-24-01
9.0,9,4,4,ウインアリス,30098409086,愛知,牝5,55.0,大畑雅,榎屋充,463.0,0.0,1:38.3,2,41.9,4.0,6.9,20260703-24-01
10.0,10,2,2,レドンホール,30067405586,愛知,牝5,55.0,尾崎章,伊藤己,448.0,-7.0,1:39.0,3,41.8,12.0,315.1,20260703-24-01
11.0,11,5,6,カムイパパイヤ,30024404686,愛知,牝5,53.0,◇木之葵,井上哲,418.0,-1.0,1:39.1,クビ,42.7,8.0,60.4,20260703-24-01
12.0,12,7,9,デザフィアドール,30047407096,愛知,牝4,55.0,筒井勇,迫田清,441.0,7.0,1:39.4,1.1/2,43.8,7.0,46.5,20260703-24-01
1.0,1,4,4,クリコメリー,30073408407,愛知,牝3,52.0,▲近藤颯,瀬戸悟,427.0,0.0,1:38.0,,40.1,4.0,5.5,20260703-24-02
2.0,2,7,10,クィーンズローズ,30004409507,愛知,牝3,55.0,今井貴,原口次,495.0,3.0,1:38.1,クビ,41.8,8.0,51.5,20260703-24-02
3.0,3,3,3,トモロウィンアスク,30078401207,愛知,牝3,55.0,丸野勝,倉地学,403.0,-4.0,1:38.3,1,39.8,9.0,65.5,20260703-24-02
4.0,4,8,11,バッカス,30096409707,愛知,牡3,54.0,▲小笠羚,安部幸,469.0,2.0,1:38.5,1,40.7,3.0,3.5,20260703-24-02
5.0,5,6,8,コンプレックス,30024407407,愛知,牝3,55.0,丹羽克,竹之昭,442.0,-5.0,1:38.7,1,41.1,7.0,43.2,20260703-24-02
6.0,6,7,9,ニシキエバー,30074400207,愛知,牡3,55.0,◇木之葵,錦見勇,408.0,2.0,1:38.9,1,41.1,11.0,123.7,20260703-24-02
7.0,7,5,5,スケダチムヨウ,30066407407,愛知,牡3,57.0,加藤誓,植松則,440.0,2.0,1:39.4,2.1/2,41.2,12.0,244.8,20260703-24-02
8.0,8,8,12,ファフロツキーズ,30078409107,愛知,牡3,57.0,望月洵,安部幸,492.0,6.0,1:39.6,1,42.2,1.0,3.2,20260703-24-02
9.0,9,6,7,アイアンロッキー,30071405907,愛知,牝3,55.0,友森翔,服部功,441.0,-5.0,1:39.7,1/2,43.5,10.0,66.8,20260703-24-02
10.0,10,5,6,ミラクルスパート,30063400007,愛知,牝3,55.0,塚本征,角田輝,462.0,12.0,1:40.0,1.1/2,43.8,2.0,3.4,20260703-24-02
11.0,11,1,1,ウインプライム,30037408707,愛知,牝3,55.0,大畑慧,瀬戸悟,412.0,0.0,1:40.3,1.1/2,41.5,5.0,12.1,20260703-24-02
12.0,12,2,2,サドルトウショウ,30044406807,愛知,牝3,55.0,細川智,瀬戸悟,501.0,3.0,1:40.3,アタマ,42.1,6.0,41.2,20260703-24-02
1.0,1,4,4,ロイヤルアンバー,30053402617,愛知,牡2,56.0,大畑慧,倉地学,465.0,,0:55.8,,36.9,1.0,1.6,20260703-24-03
2.0,2,5,5,ハレテル,30093408717,愛知,牡2,56.0,丸野勝,角田輝,462.0,,0:56.3,2.1/2,37.4,2.0,2.6,20260703-24-03
3.0,3,3,3,アイルライジング,30002400217,愛知,牡2,56.0,細川智,角田輝,517.0,,0:57.2,4,37.8,3.0,7.8,20260703-24-03
4.0,4,1,1,フラッテルン,30039400217,愛知,牝2,52.0,▲近藤颯,藤ケ人,507.0,,0:57.5,1.1/2,38.5,4.0,9.8,20260703-24-03
5.0,5,2,2,カクシンパーティー,30063405917,愛知,牝2,52.0,▲小笠羚,宮下瞳,374.0,,0:58.5,5,39.4,5.0,30.8,20260703-24-03
,取消,6,6,ゴールドフェザー,30057404417,愛知,牡2,56.0,望月洵,今津博,,,,,,,,20260703-24-03
1.0,1,5,5,カワテンジャッキー,30083400117,愛知,牡2,56.0,塚本征,角田輝,481.0,,0:55.5,,36.7,1.0,1.1,20260703-24-04
2.0,2,3,3,サクラノドリーム,30003408117,愛知,牝2,52.0,▲近藤颯,藤ケ男,435.0,,0:55.8,1.1/2,36.7,4.0,19.5,20260703-24-04
3.0,3,6,6,ヤマビッグ,30035406517,愛知,牝2,52.0,▲小笠羚,錦見勇,414.0,,0:56.4,3,37.5,2.0,5.6,20260703-24-04
4.0,4,4,4,ニシキクイーン,30092403017,愛知,牝2,53.0,◇木之葵,錦見勇,412.0,,0:56.9,2.1/2,37.4,3.0,11.5,20260703-24-04
5.0,5,1,1,アルバイトボシュウ,30013400417,愛知,牝2,55.0,加藤聡,坂口義,406.0,,0:58.3,7,39.5,5.0,26.2,20260703-24-04
6.0,6,2,2,ダイユーホーク,30087402517,愛知,牡2,56.0,大畑慧,錦見勇,466.0,,0:59.0,3,39.3,6.0,47.3,20260703-24-04
1.0,1,5,6,ニキータ,30053404707,愛知,牝3,55.0,望月洵,藤ケ男,453.0,-5.0,1:51.9,,40.2,3.0,4.7,20260703-24-05
2.0,2,2,2,ナムラシンジロー,30042407507,愛知,牡3,57.0,塚本征,迫田清,449.0,9.0,1:52.1,1,40.3,1.0,2.4,20260703-24-05
3.0,3,1,1,ポプリーニ,30059401007,愛知,牝3,55.0,友森翔,坂口義,386.0,5.0,1:52.9,4,40.3,10.0,158.9,20260703-24-05
4.0,4,6,7,エルヴ,30065401907,愛知,牝3,55.0,丸野勝,角田輝,467.0,15.0,1:52.9,クビ,41.1,2.0,3.1,20260703-24-05
5.0,5,5,5,ファビュラスベガス,30025400407,愛知,牝3,55.0,細川智,榎屋充,415.0,-9.0,1:53.6,3,41.8,5.0,9.5,20260703-24-05
6.0,6,3,3,ヴェインズマン,30054408907,愛知,牡3,57.0,加藤聡,宇都英,492.0,2.0,1:54.3,3,40.2,4.0,7.6,20260703-24-05
7.0,7,7,9,アンフルラージュ,30076400507,愛知,牝3,53.0,◇木之葵,服部功,455.0,1.0,1:54.4,1/2,42.1,7.0,55.3,20260703-24-05
8.0,8,4,4,ブロンディ,30088401107,愛知,牝3,55.0,大畑慧,倉地学,434.0,3.0,1:54.6,1,41.6,6.0,29.0,20260703-24-05
9.0,9,6,8,グランドサークル,30027406307,愛知,牝3,55.0,大原浩,櫻井今,448.0,2.0,1:54.6,クビ,41.9,9.0,109.8,20260703-24-05
10.0,10,8,11,イヌボウノサザナミ,30064409907,愛知,牝3,55.0,丹羽克,櫻井今,414.0,3.0,1:54.7,クビ,41.7,8.0,93.9,20260703-24-05
11.0,11,8,12,ミディエイター,30085401007,愛知,牡3,57.0,加藤誓,塚田隆,466.0,-2.0,1:54.7,ハナ,41.3,11.0,171.8,20260703-24-05
12.0,12,7,10,ルーネンバーグ,30055409207,愛知,牡3,57.0,阪野学,横井将,425.0,-6.0,1:56.1,7,42.2,12.0,287.9,20260703-24-05
1.0,1,7,9,ウィッティングハム,30063409396,愛知,牝4,53.0,◇木之葵,荒巻透,512.0,5.0,1:36.2,,39.2,4.0,7.9,20260703-24-06
2.0,2,7,10,プレイアブルゲーム,30047401496,愛知,牝4,55.0,友森翔,宇都英,441.0,-3.0,1:36.2,クビ,39.6,2.0,4.4,20260703-24-06
3.0,3,3,3,サトノスフィア,30025407186,愛知,牡5,57.0,塚本征,櫻井今,522.0,4.0,1:36.5,1.1/2,39.2,1.0,2.2,20260703-24-06
4.0,4,8,12,ゴッドテソロ,30075403096,愛知,牡4,57.0,望月洵,坂口義,459.0,3.0,1:36.8,1/2,40.1,5.0,10.4,20260703-24-06
5.0,5,8,11,カスミヅキ,30075406296,愛知,牡4,57.0,大畑雅,今津勝,471.0,-6.0,1:36.8,1,40.1,8.0,23.4,20260703-24-06
6.0,6,1,1,クインズモンブラン,30068403496,愛知,牝4,55.0,加藤聡,榎屋充,489.0,0.0,1:37.2,2,39.5,7.0,17.0,20260703-24-06
7.0,7,6,7,イブシギン,30035402076,愛知,牡6,57.0,柿原翔,藤ケ男,442.0,-2.0,1:37.2,クビ,39.1,6.0,15.0,20260703-24-06
8.0,8,5,6,ラビオンアスール,30005408356,愛知,牡8,54.0,▲近藤颯,藤ケ男,436.0,-1.0,1:37.3,クビ,39.8,3.0,6.7,20260703-24-06
9.0,9,5,5,ヤモリアツマレ,30002400886,愛知,牡5,57.0,丹羽克,錦見勇,433.0,-7.0,1:38.1,4,40.7,11.0,68.2,20260703-24-06
10.0,10,2,2,アミアン,30056406786,愛知,牝5,55.0,大原浩,櫻井今,432.0,-1.0,1:38.2,クビ,40.2,9.0,63.8,20260703-24-06
11.0,11,6,8,セロリ,30082407486,愛知,牝5,55.0,丸野勝,櫻井今,464.0,1.0,1:38.4,1,40.6,10.0,64.9,20260703-24-06
12.0,12,4,4,チャンスメーカー,30023402686,愛知,セン5,57.0,細川智,横井将,475.0,-4.0,1:40.0,8,39.3,12.0,174.7,20260703-24-06
1.0,1,6,7,グラスチアー,30026403486,愛知,牝5,55.0,今井貴,竹下太,487.0,4.0,1:36.6,,39.1,2.0,4.6,20260703-24-07
2.0,2,5,5,タベザカリ,30083401496,愛知,牡4,57.0,大畑雅,原口次,468.0,-6.0,1:36.8,1,39.0,1.0,2.6,20260703-24-07
3.0,3,3,3,リンノパルピート,30094406356,愛知,牡8,57.0,筒井勇,原口次,536.0,4.0,1:37.1,1.1/2,38.6,9.0,47.1,20260703-24-07
4.0,4,7,9,コスモコロネット,30003408096,愛知,牝4,55.0,丹羽克,櫻井今,417.0,-1.0,1:37.6,2.1/2,39.4,3.0,5.9,20260703-24-07
5.0,5,8,11,メタルクラフト,30036406176,愛知,牡6,57.0,山田祥,荒巻透,483.0,0.0,1:37.9,1.1/2,38.8,4.0,7.9,20260703-24-07
6.0,6,8,12,ハイグッドエース,30028402566,愛知,牡7,57.0,阪野学,井上哲,435.0,1.0,1:38.0,1/2,38.6,8.0,22.7,20260703-24-07
7.0,7,5,6,インフォーマント,30056401556,愛知,牡8,54.0,▲小笠羚,地辺幸,476.0,5.0,1:38.1,クビ,38.6,6.0,10.6,20260703-24-07
8.0,8,6,8,パリパリライズ,30089400096,愛知,牝4,55.0,大原浩,宮本仁,490.0,-1.0,1:38.4,1.1/2,40.4,7.0,20.4,20260703-24-07
9.0,9,7,10,オールオンフリーク,30066405086,愛知,牝5,52.0,▲近藤颯,戸部尚,420.0,6.0,1:38.9,2.1/2,40.4,10.0,59.9,20260703-24-07
10.0,10,1,1,ミキノオーボエ,30064407496,愛知,牝4,55.0,望月洵,井上哲,495.0,0.0,1:39.2,1.1/2,42.4,5.0,8.8,20260703-24-07
11.0,11,2,2,サンライズプロミス,30096405396,愛知,牡4,57.0,友森翔,宇都英,435.0,-6.0,1:39.8,3,41.3,11.0,76.6,20260703-24-07
12.0,12,4,4,ソブリンルーラー,30034403676,愛知,セン6,55.0,◇木之葵,井手慎,436.0,0.0,1:40.2,2,40.0,12.0,98.3,20260703-24-07
1.0,1,4,4,サヤヒメ,30045406496,愛知,牝4,55.0,望月洵,地辺幸,486.0,-2.0,1:36.1,,38.5,1.0,3.1,20260703-24-08
2.0,2,6,7,アーキハッカー,30006400496,愛知,牡4,54.0,▲近藤颯,藤ケ男,476.0,-3.0,1:36.2,1/2,38.9,6.0,12.9,20260703-24-08
3.0,3,7,10,ハーピークオーレ,30035404686,愛知,牝5,55.0,丸野勝,倉地学,464.0,2.0,1:36.5,1.1/2,39.2,7.0,13.2,20260703-24-08
4.0,4,6,8,ヴィオレンツァ,30005402796,愛知,牡4,57.0,塚本征,櫻井今,452.0,-1.0,1:37.0,2.1/2,39.2,2.0,3.4,20260703-24-08
5.0,5,5,6,ウォーオブサウンド,30055409186,愛知,牡5,57.0,筒井勇,戸部尚,518.0,-7.0,1:37.4,2,39.7,3.0,4.4,20260703-24-08
6.0,6,8,12,エドノバイオレット,30084404766,愛知,牝7,53.0,◇木之葵,戸部尚,481.0,5.0,1:37.4,クビ,39.8,8.0,25.7,20260703-24-08
7.0,7,5,5,ショウリュウアサヒ,30036401196,愛知,牡4,57.0,山田祥,川西毅,498.0,-1.0,1:37.4,ハナ,38.9,4.0,10.3,20260703-24-08
8.0,8,7,9,ブリージョドラード,30016400886,愛知,牡5,57.0,細川智,本名信,456.0,0.0,1:37.6,1,39.6,5.0,11.4,20260703-24-08
9.0,9,2,2,カフジジャワ,30033405496,愛知,セン4,57.0,加藤聡,原口次,435.0,-7.0,1:37.6,クビ,40.4,9.0,42.2,20260703-24-08
10.0,10,1,1,フェリアフローレス,30096400096,愛知,牝4,55.0,大畑雅,榎屋充,434.0,1.0,1:38.5,4,40.5,10.0,56.8,20260703-24-08
11.0,11,3,3,サンライズテソロ,30068401456,愛知,牡8,57.0,阪野学,植松則,472.0,3.0,1:39.1,3,39.7,11.0,288.5,20260703-24-08
,除外,8,11,ジュライファースト,30055404996,愛知,牝4,55.0,大畑慧,今津博,470.0,17.0,,,,,,20260703-24-08
1.0,1,2,2,トップパワー,30048403796,愛知,牡4,57.0,東川慎,井上哲,469.0,0.0,1:51.7,,38.9,1.0,1.9,20260703-24-09
2.0,2,6,7,ターミバレンシア,30012409376,愛知,牝6,52.0,▲近藤颯,藤ケ人,503.0,-1.0,1:51.8,クビ,39.3,5.0,11.0,20260703-24-09
3.0,3,8,11,ドラゴンガール,30076403396,愛知,牝4,55.0,今井貴,榎屋充,497.0,5.0,1:52.0,1,39.2,3.0,6.3,20260703-24-09
4.0,4,7,9,エストレリータ,30054400176,愛知,牝6,55.0,丹羽克,櫻井今,437.0,-3.0,1:52.5,2.1/2,39.4,6.0,15.8,20260703-24-09
5.0,5,7,10,メディアプンタ,30032401376,愛知,牡6,57.0,丸野勝,倉地学,467.0,5.0,1:52.5,アタマ,39.8,4.0,10.5,20260703-24-09
6.0,6,8,12,クィーンミツコ,30042402986,愛知,牝5,55.0,塚本征,井手慎,493.0,0.0,1:52.9,2,39.7,2.0,5.7,20260703-24-09
7.0,7,5,6,ヒダサワヤカ,30054407296,愛知,牝4,52.0,▲小笠羚,植松則,465.0,-5.0,1:52.9,クビ,40.1,9.0,28.9,20260703-24-09
8.0,8,5,5,ヴァスキアン,30065404886,愛知,牡5,57.0,細川智,沖田明,460.0,-4.0,1:53.1,3/4,40.6,7.0,18.0,20260703-24-09
9.0,9,4,4,ノイアーターク,30014406776,愛知,セン6,57.0,加藤誓,植松則,458.0,-1.0,1:53.3,1,39.8,11.0,192.2,20260703-24-09
10.0,10,1,1,スマートヌーメン,30005409886,愛知,牝5,55.0,山田祥,藤ケ男,477.0,8.0,1:55.0,8,42.5,10.0,102.8,20260703-24-09
11.0,11,3,3,モランゴ,30004400386,愛知,牝5,55.0,友森翔,坂口義,470.0,3.0,1:56.4,7,42.5,12.0,314.8,20260703-24-09
12.0,12,6,8,ダイユウハミルトン,30083406086,愛知,セン5,57.0,加藤聡,地辺幸,459.0,-5.0,2:03.0,大差,48.9,8.0,21.2,20260703-24-09
1.0,1,5,6,ブルースバローズ,30073402296,愛知,セン4,57.0,加藤聡,角田輝,509.0,-1.0,1:35.2,,38.1,1.0,1.1,20260703-24-10
2.0,2,7,9,イザベルソレイユ,30082407896,愛知,牝4,52.0,▲近藤颯,藤ケ人,497.0,2.0,1:35.4,1.1/2,38.8,7.0,23.8,20260703-24-10
3.0,3,5,5,ラブバイオレット,30092403476,愛知,牝6,55.0,丹羽克,沖田明,455.0,-4.0,1:36.0,3,39.1,3.0,15.0,20260703-24-10
4.0,4,4,4,ブルロッソ,30033402696,愛知,牝4,55.0,筒井勇,迫田清,436.0,2.0,1:36.1,クビ,39.5,6.0,22.9,20260703-24-10
5.0,5,2,2,ローズドゥレッシュ,30043404996,愛知,牝4,55.0,丸野勝,竹下太,426.0,-4.0,1:36.3,1,38.7,9.0,100.6,20260703-24-10
6.0,6,8,12,パーソナルレコード,30005407596,愛知,牡4,57.0,大畑慧,瀬戸悟,507.0,-4.0,1:36.6,1.1/2,40.0,4.0,18.4,20260703-24-10
7.0,7,6,7,アルゴフィリオ,30013407096,愛知,牝4,55.0,塚本征,櫻井今,426.0,-1.0,1:36.7,1/2,39.2,2.0,9.3,20260703-24-10
8.0,8,6,8,ザボドフスキー,40041404096,愛知,牡4,57.0,加藤誓,宮本仁,440.0,1.0,1:37.5,4,39.6,12.0,265.6,20260703-24-10
9.0,9,7,10,マルクパージュ,30075400376,愛知,牝6,52.0,▲小笠羚,坂口義,444.0,1.0,1:37.6,1/2,40.5,11.0,191.7,20260703-24-10
10.0,10,8,11,フォードスピリット,30038402096,愛知,牡4,57.0,大原浩,櫻井今,504.0,-1.0,1:37.9,1.1/2,40.9,8.0,43.8,20260703-24-10
11.0,11,3,3,シャイニングウェイ,30052409386,愛知,牝5,55.0,阪野学,塚田隆,467.0,-5.0,1:38.0,1/2,39.5,10.0,185.2,20260703-24-10
12.0,12,1,1,ゴールドレター,30043403507,愛知,牝3,55.0,友森翔,塚田隆,384.0,4.0,1:40.3,大差,43.7,5.0,20.1,20260703-24-10
1.0,1,8,11,ボックスオフィス,30063406586,愛知,セン5,55.0,塚本征,塚田隆,500.0,-4.0,1:47.9,,36.7,3.0,4.7,20260703-24-11
2.0,2,3,3,ザイツィンガー,30005405636,愛知,牡10,55.0,大畑雅,角田輝,453.0,3.0,1:48.0,クビ,37.1,1.0,2.0,20260703-24-11
3.0,3,6,6,ソーラレイ,30035402386,愛知,牡5,56.0,友森翔,塚田隆,477.0,-5.0,1:49.0,5,37.1,4.0,13.8,20260703-24-11
4.0,4,2,2,エイシンガウディ,30094401496,愛知,牡4,56.0,望月洵,今津博,476.0,3.0,1:49.3,1.1/2,38.5,2.0,2.7,20260703-24-11
5.0,5,4,4,キャッシュブリッツ,30028401686,笠松,牡5,55.0,筒井勇,笹野博,515.0,2.0,1:49.5,1,38.1,6.0,27.2,20260703-24-11
6.0,6,7,9,フリッパー,30051403976,愛知,牡6,52.0,▲小笠羚,瀬戸悟,505.0,-6.0,1:49.6,クビ,37.6,7.0,75.2,20260703-24-11
7.0,7,7,8,ララエフォール,30092406966,愛知,牡7,53.0,▲近藤颯,今津博,514.0,0.0,1:50.5,4,38.9,5.0,21.7,20260703-24-11
8.0,8,1,1,ナムラマイケル,30028400076,愛知,牡6,55.0,大畑慧,角田輝,473.0,3.0,1:50.6,3/4,39.0,11.0,480.8,20260703-24-11
9.0,9,6,7,フレスコバルディ,30046407566,愛知,セン7,56.0,丹羽克,沖田明,468.0,-6.0,1:50.9,1.1/2,39.1,8.0,93.5,20260703-24-11
10.0,10,8,10,パピタ,30066404166,愛知,牡7,56.0,大原浩,錦見勇,527.0,-4.0,1:51.1,1,39.5,10.0,222.0,20260703-24-11
11.0,11,5,5,ファーストリッキー,30082402966,愛知,セン7,55.0,今井貴,宮下瞳,487.0,-5.0,1:52.6,7,40.8,9.0,221.1,20260703-24-11
1.0,1,8,11,サーフギャラクシー,30085403396,愛知,牡4,57.0,加藤誓,荒巻透,481.0,-4.0,1:36.1,,38.2,2.0,5.2,20260703-24-12
2.0,2,5,5,オイチノカタ,30092400696,愛知,牝4,52.0,▲小笠羚,瀬戸悟,430.0,-3.0,1:36.1,クビ,38.4,6.0,8.1,20260703-24-12
3.0,3,8,12,セラヴィーナス,30053404996,愛知,牝4,55.0,丸野勝,迫田清,463.0,-2.0,1:37.1,5,39.3,4.0,7.3,20260703-24-12
4.0,4,4,4,サンタマルティナ,30084405796,愛知,牝4,55.0,細川智,沖田明,477.0,-4.0,1:37.1,アタマ,38.7,8.0,12.1,20260703-24-12
5.0,5,3,3,フォギーレーン,30097407896,愛知,牝4,52.0,▲近藤颯,倉地学,400.0,0.0,1:37.5,2,39.3,9.0,14.5,20260703-24-12
6.0,6,2,2,マサユメ,30054405396,愛知,セン4,57.0,塚本征,櫻井今,449.0,-4.0,1:37.5,アタマ,39.5,5.0,7.5,20260703-24-12
7.0,7,5,6,ジオパークコハク,30044408896,愛知,牝4,53.0,◇木之葵,井上哲,471.0,-9.0,1:37.7,1,39.2,11.0,60.0,20260703-24-12
8.0,8,1,1,カズナリ,30056406296,愛知,牡4,57.0,丹羽克,櫻井今,496.0,2.0,1:37.7,アタマ,39.9,7.0,12.0,20260703-24-12
9.0,9,6,8,カフジアッサム,30057406796,愛知,牡4,57.0,加藤聡,原口次,486.0,6.0,1:37.9,1,39.1,3.0,6.3,20260703-24-12
10.0,10,6,7,ロッキーブレイヴ,30067405956,愛知,牡8,57.0,今井貴,竹下直,520.0,-3.0,1:38.4,2.1/2,39.4,1.0,4.8,20260703-24-12
11.0,11,7,10,ゴーゴーゴウト,30044406296,愛知,牡4,57.0,望月洵,井上哲,487.0,-2.0,1:38.5,クビ,40.7,10.0,23.3,20260703-24-12
12.0,12,7,9,サスペンスクィーン,30013408296,愛知,牝4,55.0,大畑雅,今津勝,455.0,0.0,1:40.4,9,42.2,12.0,77.4,20260703-24-12
1.0,1,8,12,エールデスポワール,30033409096,兵庫,牝4,55.0,廣瀬航,高馬元,499.0,14.0,1:33.4,,40.9,2.0,3.4,20260703-27-01
2.0,2,1,1,ロングセラーアスク,30052405966,兵庫,牝7,54.0,☆小谷哲,玉垣光,425.0,-4.0,1:33.6,3/4,40.9,3.0,8.9,20260703-27-01
3.0,3,4,4,ヴァリラプトル,30037408496,兵庫,牝4,55.0,吉村智,石橋満,432.0,1.0,1:34.0,2.1/2,41.4,4.0,23.4,20260703-27-01
4.0,4,6,7,アクイール,40051403956,兵庫,牝8,55.0,下原理,尾林二,493.0,-1.0,1:34.1,3/4,41.2,5.0,24.6,20260703-27-01
5.0,5,7,10,ミトロージア,30002407786,兵庫,牝5,55.0,竹村達,岡田利,451.0,6.0,1:34.2,クビ,41.5,11.0,238.3,20260703-27-01
6.0,6,5,6,タイイクスワリ,30084402396,兵庫,牡4,57.0,小谷周,南弘樹,425.0,-1.0,1:34.5,1.3/4,40.7,12.0,379.4,20260703-27-01
7.0,7,5,5,ダノンブロッサム,30076400796,兵庫,牝4,55.0,小牧太,保利幸,425.0,-4.0,1:34.7,3/4,41.4,1.0,1.4,20260703-27-01
8.0,8,8,11,フェイスナイン,30012409976,兵庫,牝6,55.0,永井孝,栗林徹,427.0,1.0,1:34.7,クビ,41.8,6.0,50.7,20260703-27-01
9.0,9,3,3,サインポール,30006406676,兵庫,牡6,55.0,◇佐々世,三宅直,488.0,-1.0,1:35.2,3,41.0,9.0,174.7,20260703-27-01
10.0,10,6,8,フェスティーヴォ,30088401396,兵庫,牡4,57.0,福原杏,寺地誠,463.0,-4.0,1:35.2,ハナ,41.7,8.0,90.4,20260703-27-01
11.0,11,2,2,アストリット,30022408286,兵庫,牝5,55.0,井上幹,西村守,447.0,2.0,1:35.2,アタマ,41.7,7.0,57.4,20260703-27-01
12.0,12,7,9,メイショウヨウホウ,30075402266,兵庫,牡7,57.0,長尾翼,山元博,449.0,1.0,1:35.5,1.1/2,41.3,10.0,216.8,20260703-27-01
1.0,1,6,8,スカーレットハニー,30094401966,兵庫,牝7,55.0,高畑皓,茂崎正,486.0,-8.0,0:51.5,,37.2,3.0,6.3,20260703-27-02
2.0,2,6,7,ホクザンシュシュ,30028402096,兵庫,牝4,55.0,長尾翼,橋本明,415.0,-7.0,0:51.8,1.1/2,37.3,7.0,36.3,20260703-27-02
3.0,3,4,4,ニッシンゲッポ,30034401296,兵庫,牝4,55.0,大山真,吉見真,451.0,1.0,0:51.9,1/2,37.7,1.0,1.5,20260703-27-02
4.0,4,5,6,マンゲタック,30055404596,兵庫,牝4,52.0,▲高橋洸,飯田良,465.0,-1.0,0:52.0,1/2,37.5,5.0,20.3,20260703-27-02
5.0,5,7,10,オーサムサンライズ,30033401476,兵庫,牝6,55.0,井上幹,新井隆,444.0,-2.0,0:52.1,1/2,36.8,4.0,11.6,20260703-27-02
6.0,6,8,11,ワールドペコ,30093409476,兵庫,牝6,51.0,★塩津璃,石橋満,449.0,-4.0,0:52.1,クビ,37.4,2.0,5.5,20260703-27-02
7.0,7,3,3,トップザスマイル,30044402396,兵庫,牝4,55.0,竹村達,南弘樹,465.0,-4.0,0:52.2,1/2,38.0,6.0,23.1,20260703-27-02
8.0,8,7,9,ユウバエ,30071409856,兵庫,牝8,53.0,◇佐々世,平松徳,420.0,-2.0,0:52.2,クビ,37.5,8.0,43.1,20260703-27-02
9.0,9,2,2,ヤシロスマイリー,30014408396,兵庫,牝4,55.0,永井孝,大山寿,462.0,9.0,0:52.9,4,38.2,12.0,296.4,20260703-27-02
10.0,10,5,5,スミレブーケ,30025404376,兵庫,牝6,55.0,土方颯,山元博,424.0,0.0,0:53.6,4,37.8,11.0,272.9,20260703-27-02
11.0,11,1,1,アタックチャンス,30094400596,兵庫,牝4,55.0,田野豊,松平幸,406.0,7.0,0:53.6,ハナ,39.1,9.0,152.3,20260703-27-02
12.0,12,8,12,ベイサルシュート,30052403186,兵庫,牝5,55.0,山本太,尾原強,487.0,5.0,0:53.7,3/4,38.4,10.0,241.8,20260703-27-02
1.0,1,1,1,スエヒロイナズマ,30037408076,兵庫,牝6,55.0,田野豊,寺地誠,479.0,-7.0,1:35.7,,40.4,2.0,4.9,20260703-27-03
2.0,2,6,6,ブラックアスラーダ,30035408596,兵庫,牡4,57.0,山本太,野田忍,459.0,-2.0,1:35.8,1/2,40.6,7.0,116.9,20260703-27-03
3.0,3,3,3,ピーチクパーチク,30077406576,兵庫,牝6,55.0,永井孝,南弘樹,491.0,6.0,1:35.8,アタマ,40.8,1.0,1.2,20260703-27-03
4.0,4,2,2,プチフレーシュ,30056407886,兵庫,牝5,53.0,◇佐々世,高馬元,411.0,-1.0,1:36.0,1.1/4,41.0,4.0,16.3,20260703-27-03
5.0,5,5,5,カヤコ,30017405766,兵庫,牝7,55.0,吉村智,岡田利,467.0,4.0,1:36.7,4,41.3,5.0,22.2,20260703-27-03
6.0,6,8,9,トランセンデンタル,30028406556,兵庫,牡8,57.0,杉浦健,小村正,471.0,-1.0,1:36.7,ハナ,41.0,3.0,12.6,20260703-27-03
7.0,7,4,4,ホウオウシックス,30017400326,兵庫,牡11,57.0,高畑皓,山元博,464.0,0.0,1:37.4,4,41.7,8.0,134.3,20260703-27-03
8.0,8,7,7,ウインレヴェランス,40050403956,兵庫,牡8,57.0,長尾翼,山元博,533.0,0.0,1:37.5,クビ,40.9,9.0,195.3,20260703-27-03
9.0,9,8,8,ワンダーフレックス,30002400996,兵庫,牝4,55.0,大山真,保利幸,421.0,3.0,1:37.6,1/2,42.2,6.0,22.7,20260703-27-03
1.0,1,1,1,カーロアヴァンティ,30034401986,兵庫,牡5,56.0,◇佐々世,田中一,530.0,24.0,1:32.3,,39.1,1.0,2.0,20260703-27-04
2.0,2,8,9,クアトロフォルトナ,30022407896,兵庫,牡4,57.0,小牧太,盛本信,507.0,7.0,1:32.9,3.1/2,39.6,3.0,6.7,20260703-27-04
3.0,3,3,3,メイショウコオロギ,30044402786,兵庫,牝5,55.0,大山真,森澤友,466.0,11.0,1:34.0,7,40.2,2.0,3.3,20260703-27-04
4.0,4,5,5,ヴァイスリヒト,30056402946,兵庫,牡9,57.0,下原理,田中道,468.0,-3.0,1:34.4,2.1/2,39.6,5.0,8.1,20260703-27-04
5.0,5,7,7,ジョイブラック,30037400376,兵庫,牝6,54.0,☆小谷哲,稲田彰,407.0,4.0,1:34.6,1.1/2,41.1,4.0,8.1,20260703-27-04
6.0,6,6,6,サクラトップムーン,30027404776,兵庫,牡6,57.0,松木大,雑賀伸,462.0,4.0,1:35.1,3,41.6,8.0,84.6,20260703-27-04
7.0,7,2,2,ステラマリーナ,30049402086,兵庫,牝5,55.0,笹田知,栗林徹,473.0,6.0,1:35.1,クビ,41.1,6.0,29.0,20260703-27-04
8.0,8,7,8,アカノストロング,30056402766,兵庫,牡7,54.0,▲高橋洸,尾原強,512.0,6.0,1:35.1,ハナ,40.9,7.0,80.0,20260703-27-04
9.0,9,8,10,ヒシアラカン,30016401966,兵庫,牡7,53.0,★塩津璃,長南和,471.0,-2.0,1:36.2,7,42.2,9.0,88.6,20260703-27-04
10.0,10,4,4,シュタイナー,30095408276,兵庫,牡6,57.0,高畑皓,三宅直,466.0,-5.0,1:36.3,クビ,41.7,10.0,418.7,20260703-27-04
1.0,1,6,7,ベラジオアブロード,30089401307,兵庫,牡3,57.0,山本咲,西川進,473.0,10.0,0:50.6,,36.5,1.0,2.1,20260703-27-05
2.0,2,6,8,イレブンアップ,30063401507,兵庫,牡3,57.0,杉浦健,尾林二,418.0,-1.0,0:51.0,2.1/2,36.7,4.0,7.2,20260703-27-05
3.0,3,8,12,カネトシクラッチ,30067401007,兵庫,セン3,57.0,吉村智,土屋洋,458.0,1.0,0:51.5,3,37.1,5.0,12.0,20260703-27-05
4.0,4,4,4,フークホワリエン,30013406107,兵庫,牝3,56.0,田野豊,土屋洋,441.0,1.0,0:51.7,3/4,37.2,3.0,6.5,20260703-27-05
5.0,5,7,9,ファストワーカー,30012404107,兵庫,牝3,56.0,渡瀬和,吉見真,495.0,-2.0,0:51.7,アタマ,37.4,9.0,63.4,20260703-27-05
6.0,6,2,2,サフラナール,30028408007,兵庫,牝3,56.0,土方颯,高馬元,469.0,4.0,0:51.9,1.1/4,37.8,6.0,15.6,20260703-27-05
7.0,7,5,5,ニシノガランテ,30048405107,兵庫,牝3,56.0,廣瀬航,山口浩,417.0,1.0,0:52.3,2.1/2,37.7,8.0,18.7,20260703-27-05
8.0,8,5,6,キングバブルズ,30042401907,兵庫,牡3,54.0,▲高橋洸,保利平,444.0,-6.0,0:52.4,3/4,37.5,2.0,4.9,20260703-27-05
9.0,9,7,10,エイシンリール,30067408307,兵庫,牝3,56.0,大山真,平松徳,437.0,6.0,0:52.4,ハナ,37.3,7.0,16.2,20260703-27-05
10.0,10,1,1,マスキュラー,30062403507,兵庫,牡3,57.0,下原理,織田誠,472.0,7.0,0:52.5,1/2,37.7,10.0,141.3,20260703-27-05
11.0,11,3,3,ヴィンセント,30084406907,兵庫,牝3,55.0,永井孝,徳本慶,424.0,1.0,0:52.8,1.1/2,37.7,12.0,684.0,20260703-27-05
12.0,12,8,11,ハイラブエナン,30053405607,兵庫,牝3,56.0,井上幹,尾原強,491.0,2.0,0:53.4,3.1/2,37.8,11.0,255.1,20260703-27-05
1.0,1,8,11,テーオーテバルディ,30084403096,兵庫,牝4,55.0,山本咲,石橋満,446.0,1.0,1:20.8,,39.9,1.0,2.1,20260703-27-06
2.0,2,2,2,サファリ,30074405696,兵庫,牡4,54.0,★塩津璃,栗林徹,473.0,-7.0,1:21.0,1.1/2,40.5,4.0,5.6,20260703-27-06
3.0,3,7,9,ヘイスト,30042408876,兵庫,牡6,57.0,川原正,森澤友,483.0,5.0,1:21.0,アタマ,40.3,3.0,5.6,20260703-27-06
4.0,4,8,12,ダンスデミルリトン,30034402066,兵庫,牡7,57.0,大山真,渡瀬寛,478.0,0.0,1:21.7,4,40.1,6.0,18.2,20260703-27-06
5.0,5,5,6,アコーダンス,30096402286,兵庫,牝5,55.0,下原理,西川進,471.0,5.0,1:21.8,1/2,40.5,7.0,41.4,20260703-27-06
6.0,6,1,1,ヴァンガルダ,30006401696,兵庫,牝4,53.0,◇佐々世,尾林二,443.0,-3.0,1:22.2,2.1/2,41.2,10.0,81.9,20260703-27-06
7.0,7,5,5,ジーティーパール,30037407496,兵庫,牝4,55.0,高畑皓,尾原強,447.0,-5.0,1:22.2,ハナ,39.7,11.0,191.3,20260703-27-06
8.0,8,6,7,マットーネロッソ,30027401396,兵庫,牝4,55.0,小牧太,松浦聡,477.0,-1.0,1:22.4,3/4,40.7,2.0,4.3,20260703-27-06
9.0,9,4,4,ワキノグラス,30048408396,兵庫,牝4,55.0,松木大,玉垣光,456.0,7.0,1:22.4,アタマ,41.3,5.0,15.4,20260703-27-06
10.0,10,3,3,モノノフイエロー,30017400176,兵庫,牡6,57.0,永井孝,田村彰,445.0,2.0,1:22.7,2,41.4,8.0,47.5,20260703-27-06
11.0,11,6,8,クツワノセキトリ,30086406056,兵庫,牡8,57.0,土方颯,石橋満,460.0,4.0,1:23.0,1.1/2,40.5,9.0,54.8,20260703-27-06
12.0,12,7,10,スカイピース,30074409476,兵庫,牝6,54.0,☆小谷哲,溝橋利,458.0,-10.0,1:23.0,クビ,41.6,12.0,535.3,20260703-27-06
1.0,1,4,4,シャトーエズ,30035401696,兵庫,セン4,57.0,吉村智,盛本信,459.0,1.0,2:07.9,,40.6,1.0,1.5,20260703-27-07
2.0,2,3,3,トモジャイブ,30093408096,兵庫,牡4,57.0,田野豊,森澤友,506.0,7.0,2:08.4,3,40.7,2.0,2.1,20260703-27-07
3.0,3,2,2,アンデルマット,30067408096,兵庫,牝4,51.0,★塩津璃,長南和,491.0,3.0,2:08.8,2.1/2,41.5,3.0,12.0,20260703-27-07
4.0,4,1,1,パーティーモード,30025406356,兵庫,牡8,57.0,山本咲,西川進,469.0,-6.0,2:09.2,2.1/2,40.9,5.0,46.2,20260703-27-07
5.0,5,5,5,エイシンロッソネリ,30082404386,兵庫,牡5,57.0,笹田知,木村健,512.0,-7.0,2:10.6,8,42.4,4.0,26.3,20260703-27-07
1.0,1,7,9,リケアマキアート,30068406396,兵庫,セン4,57.0,山本咲,田中道,458.0,-5.0,1:33.5,,40.7,1.0,1.4,20260703-27-08
2.0,2,2,2,パイラタナー,30036400296,兵庫,牝4,55.0,竹村達,北野真,470.0,-3.0,1:33.5,ハナ,41.6,2.0,5.6,20260703-27-08
3.0,3,6,8,ミュトスオード,30086408996,兵庫,牝4,55.0,松木大,諏訪貴,470.0,-6.0,1:34.1,3.1/2,42.0,5.0,16.1,20260703-27-08
4.0,4,8,11,マジカルフェイス,40010407946,兵庫,牡9,56.0,☆小谷哲,田中範,464.0,-1.0,1:34.2,3/4,41.6,4.0,11.2,20260703-27-08
5.0,5,3,3,グティ,30016401996,兵庫,セン4,57.0,下原理,吉見真,512.0,1.0,1:34.3,クビ,42.0,3.0,9.2,20260703-27-08
6.0,6,4,4,モデルチャン,30068408986,兵庫,牝5,51.0,★塩津璃,長南和,477.0,-2.0,1:34.3,クビ,42.1,8.0,53.7,20260703-27-08
7.0,7,7,10,ミストレビノ,30058409786,兵庫,牝5,55.0,高畑皓,茂崎正,440.0,-5.0,1:34.5,3/4,41.1,11.0,170.5,20260703-27-08
8.0,8,1,1,ジェッティー,30055407746,兵庫,牡9,57.0,小谷周,溝橋利,458.0,-3.0,1:34.6,3/4,42.0,10.0,140.7,20260703-27-08
9.0,9,8,12,クールジャーマン,30031400976,兵庫,牡6,57.0,山本太,保利幸,472.0,5.0,1:34.9,1.3/4,42.9,6.0,28.4,20260703-27-08
10.0,10,6,7,ユイノオトコヤマ,30006409676,兵庫,牡6,57.0,廣瀬航,土屋洋,472.0,0.0,1:34.9,アタマ,42.0,7.0,33.7,20260703-27-08
11.0,11,5,5,ハイグッドシャイン,30072408676,兵庫,牝6,55.0,渡瀬和,西川進,458.0,-5.0,1:35.0,1/2,42.1,9.0,124.4,20260703-27-08
,,5,6,デンリッレハウエル,30054400896,兵庫,牝4,55.0,杉浦健,尾原強,438.0,0.0,,中止,,12.0,174.2,20260703-27-08
1.0,1,7,10,クリノチャンプ,30053405276,兵庫,牡6,57.0,小牧太,橋本明,479.0,-2.0,1:32.3,,40.4,3.0,10.0,20260703-27-09
2.0,2,5,6,ベラジオラオウ,30096406886,兵庫,セン5,57.0,吉村智,吉見真,485.0,8.0,1:32.3,アタマ,40.7,1.0,1.9,20260703-27-09
3.0,3,3,3,スマートビーナス,30074402596,兵庫,牝4,56.0,田野豊,織田誠,474.0,5.0,1:32.5,3/4,40.6,5.0,12.1,20260703-27-09
4.0,4,8,11,デルタフォー,30023406596,兵庫,牡4,57.0,土方颯,藤川純,514.0,-4.0,1:32.9,2.1/2,39.9,2.0,3.1,20260703-27-09
5.0,5,1,1,テイケイアンジェ,30054400466,兵庫,牝7,55.0,廣瀬航,山口浩,465.0,-1.0,1:33.7,5,40.7,9.0,69.4,20260703-27-09
6.0,6,2,2,ナムラデュラン,30062408576,兵庫,セン6,57.0,大山真,松平幸,466.0,-1.0,1:34.0,1.1/2,41.8,7.0,34.2,20260703-27-09
7.0,7,5,5,クルシファー,30024406386,兵庫,牝5,53.0,◇佐々世,稲田彰,472.0,6.0,1:34.1,1/2,41.2,8.0,41.4,20260703-27-09
8.0,8,6,7,ピックプリンサ,30082405776,兵庫,牡6,58.0,杉浦健,新井隆,485.0,12.0,1:34.2,1/2,42.6,4.0,11.6,20260703-27-09
9.0,9,4,4,シロノクミキョク,30092405476,兵庫,牝6,51.0,★塩津璃,山元博,435.0,-2.0,1:34.4,3/4,41.5,10.0,292.7,20260703-27-09
10.0,10,6,8,アークリオーソ,30072408656,兵庫,牡8,57.0,松木大,諏訪貴,467.0,-5.0,1:34.4,クビ,40.5,11.0,308.4,20260703-27-09
11.0,11,8,12,テイケイヴィーノ,30044402876,兵庫,牝6,55.0,下原理,山口浩,447.0,-9.0,1:34.5,1/2,42.0,6.0,16.3,20260703-27-09
12.0,12,7,9,キタノハヤブサ,30036402486,兵庫,牡5,57.0,渡瀬和,小村正,486.0,-4.0,1:36.8,大差,44.3,12.0,762.0,20260703-27-09
1.0,1,7,8,ゼンダンノハゲミ,30028404886,兵庫,牡5,57.0,吉村智,飯田良,496.0,5.0,1:19.9,,39.0,3.0,4.5,20260703-27-10
2.0,2,3,3,シュネルクィーン,30013408676,兵庫,牝6,55.0,小牧太,西川進,465.0,-3.0,1:20.1,1.1/4,38.7,4.0,5.8,20260703-27-10
3.0,3,1,1,アドワン,30023401476,兵庫,牝6,55.0,田野豊,土屋洋,443.0,1.0,1:20.1,アタマ,39.0,1.0,2.2,20260703-27-10
4.0,4,5,5,キングヴァージル,30056403786,兵庫,セン5,57.0,山本咲,石橋満,497.0,-8.0,1:20.4,1.1/2,38.6,9.0,112.7,20260703-27-10
5.0,5,4,4,ハイラブソング,30015403896,兵庫,牝4,55.0,廣瀬航,保利良,445.0,-2.0,1:20.5,クビ,39.2,2.0,3.7,20260703-27-10
6.0,6,2,2,ヤマニンリジッド,30067406476,兵庫,牡6,57.0,井上幹,松平幸,482.0,-1.0,1:20.5,アタマ,38.6,10.0,178.6,20260703-27-10
7.0,7,6,6,カンタウッドテール,30097405276,兵庫,牡6,53.0,★塩津璃,長南和,466.0,-1.0,1:20.7,1,40.0,7.0,45.3,20260703-27-10
8.0,8,8,9,アグネスシュウ,30082401576,兵庫,セン6,57.0,山本太,岡田利,523.0,-9.0,1:20.9,1,39.9,8.0,75.0,20260703-27-10
9.0,9,7,7,ライトニングブルー,30022405176,兵庫,牝6,55.0,土方颯,栗林徹,459.0,-5.0,1:21.2,2,39.0,6.0,40.9,20260703-27-10
10.0,10,8,10,ヴォラヴィア,30029404096,兵庫,牡4,57.0,小谷周,稲田彰,471.0,9.0,1:21.3,1/2,38.7,5.0,12.9,20260703-27-10
1.0,1,6,6,マルカイグアス,30056408286,兵庫,牡5,57.0,吉村智,橋本明,513.0,-7.0,1:29.6,,38.4,2.0,3.1,20260703-27-11
2.0,2,8,10,フラフ,30017400676,兵庫,牡6,58.0,山本咲,松浦聡,518.0,-3.0,1:30.5,5,39.3,3.0,6.2,20260703-27-11
3.0,3,7,8,ドンカポノ,30074408556,兵庫,牡8,57.0,杉浦健,田中一,528.0,5.0,1:31.0,3,39.2,6.0,134.7,20260703-27-11
4.0,4,7,7,ミグラテール,30038403686,兵庫,牡5,57.0,永井孝,田村彰,518.0,3.0,1:31.1,3/4,39.7,8.0,173.7,20260703-27-11
5.0,5,8,9,ミステリーボックス,30084408166,兵庫,セン7,57.0,田野豊,柏原誠,504.0,-1.0,1:31.2,クビ,40.0,4.0,23.1,20260703-27-11
6.0,6,5,5,ドラゴンゴクウ,30067402466,兵庫,牡7,57.0,大山真,碇清次,494.0,1.0,1:31.8,4,39.4,7.0,172.7,20260703-27-11
7.0,7,4,4,ゼンダンスカイ,30068409186,兵庫,牡5,57.0,廣瀬航,藤川純,483.0,-4.0,1:31.9,1/2,40.7,5.0,56.1,20260703-27-11
8.0,8,1,1,チカッパ,30045403786,兵庫,牡5,58.0,下原理,新子雅,509.0,-1.0,1:32.7,5,41.7,1.0,1.4,20260703-27-11
9.0,9,2,2,クールムーア,30031401976,兵庫,牡6,57.0,山本太,保利幸,483.0,0.0,1:35.8,大差,43.2,9.0,242.5,20260703-27-11
,取消,3,3,ワンダーブリング,30092400096,兵庫,牡4,58.0,小牧太,田中範,,,,,,,,20260703-27-11
1.0,1,8,11,レイチェルペガサス,30052400296,兵庫,牝4,53.0,◇佐々世,坂本和,477.0,0.0,1:20.3,,39.2,3.0,8.9,20260703-27-12
2.0,2,7,9,ブリリアドロ,30055401656,兵庫,牡8,53.0,★塩津璃,栗林徹,402.0,-3.0,1:20.4,1/2,39.7,5.0,12.2,20260703-27-12
3.0,3,6,7,ブライトカラー,30023405276,兵庫,牡6,57.0,下原理,高馬元,490.0,-6.0,1:20.4,クビ,39.0,8.0,32.0,20260703-27-12
4.0,4,2,2,レイナボニータ,30049405096,兵庫,牝4,55.0,小牧太,藤川純,477.0,2.0,1:20.5,クビ,39.3,4.0,10.6,20260703-27-12
5.0,5,1,1,モノノフノミチ,30043402786,兵庫,牡5,57.0,廣瀬航,諏訪貴,478.0,8.0,1:20.7,1.1/4,38.2,6.0,13.7,20260703-27-12
6.0,6,5,6,スキャットメロディ,30008409096,兵庫,牡4,57.0,笹田知,松浦聡,449.0,-1.0,1:20.7,アタマ,39.0,7.0,19.8,20260703-27-12
7.0,7,3,3,ミナックシアター,30083406286,兵庫,牝5,55.0,田野豊,土屋洋,439.0,1.0,1:20.8,1/2,39.8,9.0,33.6,20260703-27-12
8.0,8,7,10,パッションプリマ,30012400396,兵庫,牝4,55.0,吉村智,盛本信,466.0,-4.0,1:21.0,1.1/4,40.1,1.0,1.6,20260703-27-12
9.0,9,6,8,アフロジータ,30052404886,兵庫,牝5,55.0,山本咲,永島太,446.0,6.0,1:21.4,2.1/2,39.4,2.0,6.6,20260703-27-12
10.0,10,4,4,ゲンタツ,30002407896,兵庫,セン4,57.0,大山真,諏訪貴,485.0,4.0,1:21.8,2.1/2,39.7,12.0,144.5,20260703-27-12
11.0,11,8,12,アンモード,30027403386,兵庫,牡5,57.0,杉浦健,永島太,501.0,0.0,1:22.1,1.1/2,40.0,10.0,47.8,20260703-27-12
12.0,12,5,5,ヒロシゲサンライズ,30027403946,兵庫,牡9,54.0,▲高橋洸,保利良,519.0,13.0,1:23.0,6,41.1,11.0,91.9,20260703-27-12
