race_id,bet_type,combination,amount,popularity
20260801-03-01,win,4,170,1
20260801-03-01,place,4,110,1
20260801-03-01,place,1,210,4
20260801-03-01,place,5,160,3
20260801-03-01,bracket,1-4,910,2
20260801-03-01,quinella,1-4,1060,4
20260801-03-01,exacta,4-1,1340,3
20260801-03-01,wide,1-4,300,3
20260801-03-01,wide,4-5,200,2
20260801-03-01,wide,1-5,830,13
20260801-03-01,trio,1-4-5,2090,7
20260801-03-01,trifecta,4-1-5,7930,23
20260801-03-02,win,6,270,1
20260801-03-02,place,6,120,1
20260801-03-02,place,8,380,9
20260801-03-02,place,3,150,2
20260801-03-02,bracket,6-7,2460,12
20260801-03-02,quinella,6-8,7890,28
20260801-03-02,exacta,6-8,8170,32
20260801-03-02,wide,6-8,2370,26
20260801-03-02,wide,3-6,390,4
20260801-03-02,wide,3-8,2560,28
20260801-03-02,trio,3-6-8,7230,31
20260801-03-02,trifecta,6-8-3,43010,153
20260801-03-03,win,2,1020,6
20260801-03-03,place,2,350,6
20260801-03-03,place,4,270,2
20260801-03-03,place,9,300,3
20260801-03-03,bracket,2-4,1920,9
20260801-03-03,quinella,2-4,2060,9
20260801-03-03,exacta,2-4,2980,10
20260801-03-03,wide,2-4,690,7
20260801-03-03,wide,2-9,780,11
20260801-03-03,wide,4-9,630,6
20260801-03-03,trio,2-4-9,4250,18
20260801-03-03,trifecta,2-4-9,22310,74
20260801-03-04,win,5,1050,6
20260801-03-04,place,5,470,8
20260801-03-04,place,6,260,4
20260801-03-04,place,1,280,5
20260801-03-04,bracket,5-6,2010,11
20260801-03-04,quinella,5-6,3050,16
20260801-03-04,exacta,5-6,6820,33
20260801-03-04,wide,5-6,1120,16
20260801-03-04,wide,1-5,1380,21
20260801-03-04,wide,1-6,990,12
20260801-03-04,trio,1-5-6,9530,45
20260801-03-04,trifecta,5-6-1,59960,251
20260801-03-05,win,3,270,1
20260801-03-05,place,3,120,2
20260801-03-05,place,10,130,3
20260801-03-05,place,5,110,1
20260801-03-05,bracket,3-8,940,3
20260801-03-05,quinella,3-10,1010,3
20260801-03-05,exacta,3-10,1470,4
20260801-03-05,wide,3-10,370,4
20260801-03-05,wide,3-5,230,1
20260801-03-05,wide,5-10,250,2
20260801-03-05,trio,3-5-10,970,1
20260801-03-05,trifecta,3-10-5,5960,8
20260801-03-06,win,1,900,5
20260801-03-06,place,1,230,4
20260801-03-06,place,4,230,5
20260801-03-06,place,8,180,2
20260801-03-06,bracket,1-4,3180,16
20260801-03-06,quinella,1-4,2560,11
20260801-03-06,exacta,1-4,4800,22
20260801-03-06,wide,1-4,1200,20
20260801-03-06,wide,1-8,600,7
20260801-03-06,wide,4-8,990,16
20260801-03-06,trio,1-4-8,5740,22
20260801-03-06,trifecta,1-4-8,35660,137
20260801-03-07,win,8,960,3
20260801-03-07,place,8,160,2
20260801-03-07,place,9,100,1
20260801-03-07,place,7,180,4
20260801-03-07,bracket,8-8,410,2
20260801-03-07,quinella,8-9,410,1
20260801-03-07,exacta,8-9,1670,7
20260801-03-07,wide,8-9,210,1
20260801-03-07,wide,7-8,690,8
20260801-03-07,wide,7-9,350,4
20260801-03-07,trio,7-8-9,1010,2
20260801-03-07,trifecta,8-9-7,8430,31
20260801-03-08,win,2,180,1
20260801-03-08,place,2,120,1
20260801-03-08,place,6,200,4
20260801-03-08,place,3,150,3
20260801-03-08,bracket,2-6,640,3
20260801-03-08,quinella,2-6,580,3
20260801-03-08,exacta,2-6,950,3
20260801-03-08,wide,2-6,220,2
20260801-03-08,wide,2-3,270,3
20260801-03-08,wide,3-6,590,10
20260801-03-08,trio,2-3-6,860,2
20260801-03-08,trifecta,2-6-3,3440,6
20260801-03-09,win,7,330,2
20260801-03-09,place,7,150,3
20260801-03-09,place,8,160,4
20260801-03-09,place,5,120,1
20260801-03-09,bracket,7-7,1090,4
20260801-03-09,quinella,7-8,970,4
20260801-03-09,exacta,7-8,1660,5
20260801-03-09,wide,7-8,450,5
20260801-03-09,wide,5-7,260,2
20260801-03-09,wide,5-8,290,3
20260801-03-09,trio,5-7-8,1260,2
20260801-03-09,trifecta,7-8-5,6300,8
20260801-03-10,win,4,270,2
20260801-03-10,place,4,150,2
20260801-03-10,place,1,260,3
20260801-03-10,place,6,390,8
20260801-03-10,bracket,1-4,1520,6
20260801-03-10,quinella,1-4,1440,4
20260801-03-10,exacta,4-1,2530,9
20260801-03-10,wide,1-4,370,2
20260801-03-10,wide,4-6,1360,15
20260801-03-10,wide,1-6,6280,40
20260801-03-10,trio,1-4-6,12340,45
20260801-03-10,trifecta,4-1-6,61100,217
20260801-03-11,win,10,130,1
20260801-03-11,place,10,100,1
20260801-03-11,place,3,110,2
20260801-03-11,place,8,240,5
20260801-03-11,bracket,3-8,220,1
20260801-03-11,quinella,3-10,200,1
20260801-03-11,exacta,10-3,240,1
20260801-03-11,wide,3-10,140,1
20260801-03-11,wide,8-10,340,6
20260801-03-11,wide,3-8,620,9
20260801-03-11,trio,3-8-10,1020,4
20260801-03-11,trifecta,10-3-8,2030,8
20260801-03-12,win,6,370,2
20260801-03-12,place,6,150,3
20260801-03-12,place,5,160,4
20260801-03-12,place,1,140,2
20260801-03-12,bracket,5-6,1920,9
20260801-03-12,quinella,5-6,1260,5
20260801-03-12,exacta,6-5,2820,10
20260801-03-12,wide,5-6,390,4
20260801-03-12,wide,1-6,390,5
20260801-03-12,wide,1-5,340,3
20260801-03-12,trio,1-5-6,1750,4
20260801-03-12,trifecta,6-5-1,9030,19
20260801-31-01,win,9,3090,7
20260801-31-01,place,9,380,7
20260801-31-01,place,7,120,2
20260801-31-01,place,4,110,1
20260801-31-01,bracket,6-7,540,3
20260801-31-01,quinella,7-9,3780,14
20260801-31-01,exacta,9-7,12610,34
20260801-31-01,wide,7-9,700,13
20260801-31-01,wide,4-9,820,14
20260801-31-01,wide,4-7,220,1
20260801-31-01,trio,4-7-9,2510,9
20260801-31-01,trifecta,9-7-4,31220,97
20260801-31-02,win,6,150,1
20260801-31-02,place,6,100,1
20260801-31-02,place,2,140,3
20260801-31-02,place,7,350,6
20260801-31-02,bracket,2-6,390,2
20260801-31-02,quinella,2-6,420,2
20260801-31-02,exacta,6-2,590,2
20260801-31-02,wide,2-6,250,3
20260801-31-02,wide,6-7,1020,10
20260801-31-02,wide,2-7,1380,11
20260801-31-02,trio,2-6-7,2830,9
20260801-31-02,trifecta,6-2-7,5910,19
20260801-31-03,win,11,300,1
20260801-31-03,place,11,170,4
20260801-31-03,place,5,230,5
20260801-31-03,place,3,150,2
20260801-31-03,bracket,5-8,990,4
20260801-31-03,quinella,5-11,1520,8
20260801-31-03,exacta,11-5,2370,11
20260801-31-03,wide,5-11,470,5
20260801-31-03,wide,3-11,220,1
20260801-31-03,wide,3-5,480,7
20260801-31-03,trio,3-5-11,1350,5
20260801-31-03,trifecta,11-5-3,8340,27
20260801-31-04,win,10,420,2
20260801-31-04,place,10,180,3
20260801-31-04,place,7,510,7
20260801-31-04,place,8,170,2
20260801-31-04,bracket,7-8,440,2
20260801-31-04,quinella,7-10,3770,12
20260801-31-04,exacta,10-7,6250,19
20260801-31-04,wide,7-10,890,11
20260801-31-04,wide,8-10,350,4
20260801-31-04,wide,7-8,1070,13
20260801-31-04,trio,7-8-10,3760,13
20260801-31-04,trifecta,10-7-8,30400,98
20260801-31-05,win,5,1930,7
20260801-31-05,place,5,420,7
20260801-31-05,place,12,850,8
20260801-31-05,place,9,310,4
20260801-31-05,bracket,5-8,4200,18
20260801-31-05,quinella,5-12,23680,31
20260801-31-05,exacta,5-12,37570,57
20260801-31-05,wide,5-12,5160,30
20260801-31-05,wide,5-9,1240,17
20260801-31-05,wide,9-12,3240,25
20260801-31-05,trio,5-9-12,27660,60
20260801-31-05,trifecta,5-12-9,250720,401
20260801-31-06,win,9,570,4
20260801-31-06,place,9,170,2
20260801-31-06,place,6,180,3
20260801-31-06,place,4,200,4
20260801-31-06,bracket,5-7,420,2
20260801-31-06,quinella,6-9,1010,4
20260801-31-06,exacta,9-6,2600,12
20260801-31-06,wide,6-9,470,6
20260801-31-06,wide,4-9,530,8
20260801-31-06,wide,4-6,460,5
20260801-31-06,trio,4-6-9,1640,5
20260801-31-06,trifecta,9-6-4,11690,35
20260801-31-07,win,9,470,3
20260801-31-07,place,9,150,3
20260801-31-07,place,2,100,1
20260801-31-07,place,6,160,4
20260801-31-07,bracket,2-7,250,1
20260801-31-07,quinella,2-9,260,2
20260801-31-07,exacta,9-2,1280,5
20260801-31-07,wide,2-9,170,2
20260801-31-07,wide,6-9,460,6
20260801-31-07,wide,2-6,230,3
20260801-31-07,trio,2-6-9,900,2
20260801-31-07,trifecta,9-2-6,5230,14
20260801-31-08,win,3,860,2
20260801-31-08,place,3,190,2
20260801-31-08,place,12,270,4
20260801-31-08,place,7,360,6
20260801-31-08,bracket,3-8,390,2
20260801-31-08,quinella,3-12,5440,15
20260801-31-08,exacta,3-12,9640,21
20260801-31-08,wide,3-12,1030,14
20260801-31-08,wide,3-7,950,11
20260801-31-08,wide,7-12,1090,15
20260801-31-08,trio,3-7-12,10070,26
20260801-31-08,trifecta,3-12-7,62090,151
20260801-31-09,win,8,2240,7
20260801-31-09,place,8,450,7
20260801-31-09,place,11,720,9
20260801-31-09,place,10,180,2
20260801-31-09,bracket,6-8,2410,10
20260801-31-09,quinella,8-11,27320,50
20260801-31-09,exacta,8-11,30700,79
20260801-31-09,wide,8-11,6560,50
20260801-31-09,wide,8-10,1580,20
20260801-31-09,wide,10-11,1560,19
20260801-31-09,trio,8-10-11,18320,65
20260801-31-09,trifecta,8-11-10,187750,501
20260801-31-10,win,7,910,7
20260801-31-10,win,10,210,2
20260801-31-10,place,7,270,6
20260801-31-10,place,10,120,2
20260801-31-10,place,3,110,1
20260801-31-10,bracket,6-8,1620,8
20260801-31-10,quinella,7-10,1970,8
20260801-31-10,exacta,7-10,3260,22
20260801-31-10,exacta,10-7,1390,8
20260801-31-10,wide,7-10,580,10
20260801-31-10,wide,3-7,540,7
20260801-31-10,wide,3-10,210,1
20260801-31-10,trio,3-7-10,1460,4
20260801-31-10,trifecta,7-10-3,11530,75
20260801-31-10,trifecta,10-7-3,6330,32
20260801-31-11,win,9,540,2
20260801-31-11,place,9,190,2
20260801-31-11,place,1,330,7
20260801-31-11,place,5,440,9
20260801-31-11,bracket,1-7,2850,14
20260801-31-11,quinella,1-9,2410,10
20260801-31-11,exacta,9-1,4680,15
20260801-31-11,wide,1-9,950,11
20260801-31-11,wide,5-9,1890,31
20260801-31-11,wide,1-5,3530,50
20260801-31-11,trio,1-5-9,20020,100
20260801-31-11,trifecta,9-1-5,87590,377
